,norm
66,2
3207,2
10551,1
299,2
2194,1
596,2
848,2
349,2
813,2
2766,0
3172,2
680,2
11180,2
1270,2
10787,1
29,2
2495,2
8711,2
8846,0
2065,2
10571,0
7454,2
10991,2
650,2
8509,2
11324,0
860,2
10770,2
1646,2
340,2
11174,1
2590,0
10599,2
6888,1
95,2
1222,2
1806,0
7980,1
9951,1
9314,2
347,2
2662,1
1758,2
1061,2
371,2
2514,2
7763,2
56,2
8899,1
9315,0
7776,2
679,2
7321,0
2509,0
2306,2
2296,1
1532,2
843,1
9608,2
7169,1
2507,2
1457,2
2667,2
1262,2
2340,2
741,2
1888,2
1508,0
1427,2
10367,0
11045,1
884,1
2723,2
1685,2
765,2
9633,2
1386,1
559,2
11164,2
313,1
2720,2
10835,1
6914,2
10251,2
9081,2
8968,2
7439,1
9920,0
722,1
155,2
1505,0
2334,2
2132,0
873,2
663,0
772,2
804,1
8644,2
9058,2
1195,0
2449,1
2107,1
516,2
1106,2
1175,2
1141,1
2298,2
342,0
9253,1
8438,2
2726,0
2375,0
9337,2
7109,2
7885,2
2101,2
482,2
1894,2
10962,2
1819,2
7276,2
2656,2
2008,1
3300,0
3198,2
7808,2
10688,2
2615,0
8605,0
2428,2
322,2
6864,2
7326,2
1648,2
9206,2
8584,2
326,2
1136,2
2568,2
64,2
2318,0
413,2
2048,1
2202,1
2970,2
3024,2
35,0
7166,2
1322,0
8722,1
2015,2
1420,2
231,1
10758,2
560,2
7884,2
1828,2
8981,2
2203,0
2100,2
2116,2
40,2
7584,0
283,2
607,2
8630,2
1850,2
9692,2
10947,2
492,2
2771,2
7050,2
11210,2
1485,2
10502,1
470,2
1368,1
6987,1
8189,2
1517,2
606,2
1795,2
66,0
2013,2
8130,1
7944,2
10080,1
3075,2
1220,2
7666,0
8445,2
7203,2
7703,2
2709,0
2681,2
395,2
427,2
8288,2
8120,2
1411,1
9127,2
744,2
1818,1
1523,2
3392,2
9304,2
119,2
2252,1
1942,1
1175,2
9674,1
696,2
1096,0
1371,0
2354,2
3394,0
1654,1
608,2
7423,2
866,2
8960,2
1529,2
1163,2
1880,2
2742,2
8549,1
2532,2
949,2
1832,1
2566,2
271,2
1035,2
1186,2
1529,2
249,1
261,2
1470,2
1816,2
1890,2
3222,1
1742,0
370,2
8828,1
1236,0
1064,0
1881,2
2487,1
2456,2
979,2
7060,0
1196,1
644,0
1262,1
590,2
1330,2
9861,2
10748,1
9978,1
841,0
3190,2
7886,0
89,1
8955,2
1406,2
1336,1
2127,1
7028,1
8745,1
2451,2
452,2
2013,2
977,1
8371,2
682,2
2460,0
2119,0
1524,0
8056,2
8215,2
10955,2
2998,0
3324,2
3191,2
816,2
1163,2
277,0
2742,2
500,1
6780,1
7620,0
776,0
8282,2
1203,2
1117,2
2059,2
1817,2
6836,2
2745,2
9792,2
9214,2
987,2
2070,0
326,2
1860,2
9573,2
704,1
627,1
11251,0
2078,2
1479,2
235,1
271,2
1556,1
315,2
7858,1
1325,1
8053,1
565,2
8411,2
11262,2
563,2
878,2
9711,0
971,2
9870,2
1368,2
8302,2
1221,2
6986,2
7963,2
2285,2
1231,1
8298,2
10195,2
1908,1
10272,1
10345,2
1090,2
1603,2
2049,2
11037,2
1071,2
10811,2
2864,2
1047,0
869,2
1660,2
8212,2
96,2
7730,2
539,2
7933,2
465,2
10458,2
371,1
3240,2
7072,2
1643,2
1032,1
10869,2
1727,2
251,1
20,2
87,2
9427,1
2379,2
10724,2
7920,2
664,2
1845,2
257,2
3159,2
10781,2
8660,1
10589,1
2416,2
223,2
10358,1
9425,0
7614,2
2242,2
9493,2
7295,2
6860,1
9010,1
112,1
1070,1
2417,2
838,1
3363,2
3307,2
778,2
8741,2
1069,0
1430,0
43,2
1162,2
1241,2
7526,2
678,2
1167,2
1498,2
792,2
9643,1
9085,2
554,2
11024,1
1033,1
6981,1
311,2
1550,2
880,2
375,0
1882,1
2260,0
1129,2
2161,2
8194,2
1400,2
10902,1
2251,2
9107,2
1421,2
574,1
8821,2
2017,0
751,2
1638,2
1022,2
8186,2
837,0
373,2
8728,1
541,2
1204,2
2278,2
1137,2
324,2
502,1
1829,1
367,2
3054,2
1637,1
6939,1
7622,2
2438,2
1694,2
9726,2
10330,2
180,2
7792,0
3347,2
2379,1
1004,2
10818,2
26,2
2860,2
746,2
10677,1
11121,1
1640,1
2632,2
2440,2
1765,2
11269,2
582,2
1902,2
10265,2
8514,2
7090,2
108,1
1464,0
1706,2
11088,2
7466,2
1510,1
803,2
9084,2
506,2
1660,2
2410,2
2067,1
1749,0
7769,2
11043,2
8465,1
2743,2
1572,2
33,0
2144,1
224,2
2787,2
1553,0
8283,2
9064,2
2950,0
10545,2
1098,2
522,0
1821,2
2784,2
8110,2
8550,2
2692,1
1004,1
1030,1
1785,0
478,2
1260,2
1947,2
370,2
8008,0
714,2
2018,0
2803,2
3290,2
1858,2
793,2
10482,2
9243,1
1639,2
548,0
826,1
1423,2
2371,2
280,2
2656,0
129,2
1746,2
10229,2
1202,2
367,2
1222,2
7284,2
2826,2
1320,2
10090,2
630,2
8033,2
9489,2
22,1
252,2
667,2
7665,2
1154,2
1351,2
7240,2
9356,0
1343,2
680,2
1665,2
8596,0
9527,0
1969,2
648,2
2691,2
8285,2
1825,1
2482,2
2081,2
8182,2
8907,2
632,1
671,0
9187,2
2669,2
9628,0
1993,2
10627,1
2225,1
7230,2
10286,1
555,1
9948,2
10729,2
1748,2
2486,2
2380,0
9799,2
9149,0
355,2
1862,0
1674,2
8800,2
9936,2
10766,2
7368,2
8843,2
7057,0
1879,1
1666,0
9928,1
2156,1
1369,0
8551,2
1806,2
11184,2
9184,2
427,0
1519,1
157,2
2055,2
2387,2
1996,0
1093,2
1678,2
2600,1
1440,2
7213,2
2187,0
1830,2
1192,2
7988,1
2470,2
650,2
8928,2
9542,2
10641,2
7940,2
175,2
10462,2
10726,2
1714,2
11029,2
2624,2
1013,2
8610,1
1087,2
9198,2
1636,1
1831,2
178,2
1911,2
171,2
855,2
8506,0
286,2
1867,0
1894,0
1641,2
2223,2
892,2
1695,2
884,2
1579,2
11095,2
653,2
10315,2
10187,2
9429,2
10541,2
8906,2
1729,2
9893,2
10626,0
10608,1
1627,2
1564,2
1247,2
2472,2
1084,2
1594,2
1873,2
1245,2
1386,1
2443,2
1648,2
11047,0
610,2
9239,0
2023,0
7211,2
613,2
8701,2
2597,2
9195,2
2135,2
7683,2
7593,1
719,2
1502,2
7251,0
1718,2
2273,2
1,2
110,2
946,2
822,2
1382,2
7174,2
7483,2
1024,2
2356,2
8241,2
633,2
1759,0
2177,2
2420,1
7465,0
2524,2
9045,2
438,1
9593,1
9574,2
1600,2
9133,2
2256,0
10420,2
2890,0
2578,1
3193,2
1019,2
956,0
2767,2
2533,2
7223,2
82,2
9039,2
35,1
7642,2
9781,1
1590,2
546,0
2348,2
3277,2
7036,2
1216,1
7819,1
739,0
2662,2
3234,2
1517,2
7825,1
10638,2
995,1
343,2
10489,2
9063,2
1403,2
866,2
2748,2
213,2
2005,2
2646,1
633,2
784,2
391,1
1501,2
1075,0
79,2
8300,2
1686,1
9341,2
935,0
1127,2
7551,2
10617,2
1155,2
8706,2
547,0
1468,2
7890,2
2027,2
1017,1
9906,1
7124,1
8926,2
1043,2
1727,0
9790,2
9352,1
1089,2
538,0
2179,1
9014,2
362,2
1275,2
3195,2
7667,2
6869,1
1062,2
47,2
7701,2
8427,2
9963,1
1775,2
1665,1
2865,1
656,2
10235,2
7440,2
2784,2
478,0
3244,2
2879,1
7490,2
10327,2
1815,1
1086,0
2257,2
1917,2
2072,2
8308,1
783,1
8548,2
604,2
8360,2
1344,2
3041,0
110,2
2538,1
1284,2
1125,2
10449,2
1967,2
2167,2
1666,2
2699,1
2553,1
9685,2
1535,1
7749,2
1652,2
2529,2
522,2
558,1
9448,2
2046,2
8501,1
2552,0
9458,2
8339,2
2052,2
2642,2
10089,2
9245,2
1899,2
7462,2
2751,2
2583,2
2391,2
2471,2
460,2
403,2
3019,1
1299,2
9935,2
10161,2
2599,2
1076,0
2258,2
10516,2
2181,1
7611,2
714,2
3366,2
1114,2
347,2
10889,1
2484,2
8201,2
10846,2
1387,2
10797,2
1739,2
2568,1
10225,0
2105,2
2600,2
2182,2
6894,2
2352,2
7650,2
182,2
2183,1
3087,2
2093,2
10971,1
11314,0
1392,2
1408,2
9550,2
10356,0
8640,2
6993,2
1503,2
1711,2
1574,0
2183,2
9545,1
536,2
720,2
10074,1
9199,0
2586,2
7390,2
10837,2
1337,2
8289,2
1166,0
580,2
1515,2
7718,1
1033,2
786,2
9704,2
1537,2
10957,0
9626,2
906,2
1458,0
8684,2
486,2
7412,2
545,2
772,2
10228,0
1671,2
2594,2
2002,0
7132,2
707,2
1137,0
8709,2
8919,2
2737,2
10162,0
10216,2
7760,2
192,2
2932,1
1492,2
1406,2
1327,2
2750,0
2948,2
206,2
499,2
2720,2
10697,2
1812,2
1592,2
2264,0
6929,1
336,2
2531,1
440,2
3042,2
2969,2
1968,2
10375,1
2697,2
1548,2
7229,0
1282,0
397,2
9818,1
3266,2
9940,1
523,1
147,1
3318,2
7491,2
1794,0
11136,0
1151,1
999,2
2195,2
1365,1
10982,2
7410,2
7876,2
188,2
8235,2
1103,0
7045,2
948,2
7312,0
882,0
1731,1
616,2
827,2
2317,2
9285,2
2306,0
1869,2
7845,2
8390,2
8124,2
717,1
917,0
233,2
7849,2
9890,2
2089,2
7932,1
319,2
11098,1
481,2
328,2
1325,2
2790,2
10892,2
9783,1
9751,2
1130,0
625,2
570,2
382,2
269,2
7354,2
543,2
9218,2
354,1
3369,2
2052,2
1692,2
924,0
1,2
10274,1
339,2
454,0
138,1
234,1
2468,1
521,2
8489,2
1046,2
8137,1
1390,0
1966,1
658,1
67,2
2257,0
1875,1
9706,1
1279,2
9742,2
93,1
7671,2
1052,2
1519,1
1046,2
1185,1
9355,2
1440,1
11008,1
2190,2
2395,2
1946,2
7649,2
2110,2
1009,2
8990,2
1735,2
1874,2
10459,2
1113,2
1753,2
8020,1
1431,2
2308,2
1780,0
10988,1
8797,2
1700,1
8247,0
2280,1
10885,2
7271,2
10441,2
3313,2
10980,2
30,2
1919,2
2239,2
1146,0
2005,2
2480,2
1633,2
1025,0
7043,2
1870,2
7543,1
9424,0
11276,0
406,2
1850,2
553,2
2541,1
111,2
1617,2
2942,2
865,2
123,2
8862,2
10554,1
1919,2
2095,2
142,0
1101,2
9535,2
2314,0
7743,2
2166,0
1264,1
10723,2
1277,2
874,1
1597,1
2594,1
1558,2
962,0
1977,2
8089,2
1341,2
584,2
8312,1
9615,2
1768,0
1335,2
2019,2
8262,2
1015,0
449,2
10637,2
7740,2
6572,1
2418,2
1029,2
6838,2
605,2
8349,2
10896,2
2054,2
529,2
1773,2
8727,1
1093,2
7931,2
7909,2
1669,2
8648,2
8941,0
9371,2
1887,2
7999,2
9413,1
2339,2
8976,2
2157,2
279,1
1036,2
7330,2
1815,1
8578,0
1715,2
1805,0
874,2
1108,2
10718,1
1433,2
1270,2
2657,2
6910,2
2629,2
8207,2
1190,2
2010,1
1277,1
7296,2
11146,2
10623,2
2380,2
2430,0
1621,2
3256,2
10855,2
10058,1
8155,2
3057,2
10918,2
11079,2
7352,0
9358,1
9469,0
9897,2
10658,1
1560,2
1652,2
2759,2
7738,2
919,2
2177,2
10826,1
6468,1
2808,2
1349,2
837,2
1258,1
1494,1
2626,2
1474,2
10470,2
1672,2
3203,2
7318,2
446,2
2368,2
1902,0
2501,2
1535,2
7125,2
3129,2
1804,2
941,2
8658,2
2109,2
2889,2
2290,2
1622,2
217,2
2760,0
84,2
450,0
268,2
9177,2
1412,0
809,2
9372,2
1305,2
185,2
316,2
945,0
10708,0
2556,2
7294,1
398,2
7954,0
149,2
260,2
281,2
8687,1
6922,2
1123,2
2338,2
398,0
10361,2
10303,1
7756,0
1102,2
10249,1
585,2
2310,2
10278,1
10796,1
819,2
7521,2
8796,2
1864,1
232,0
1499,2
1119,2
11206,2
10484,2
10118,2
7040,2
9795,2
577,2
2195,2
10033,2
10989,2
8258,2
6931,2
2316,1
164,0
125,1
6909,1
1360,2
1418,0
1333,2
2152,2
1632,1
1886,2
602,2
8324,2
2651,0
2244,2
7495,2
2736,2
8178,1
3428,0
587,2
8633,0
7,0
426,2
1358,2
9173,0
732,2
8372,0
2487,0
509,2
2080,2
331,1
9415,0
2397,2
2398,2
132,2
8634,2
1520,1
8895,2
7417,2
972,2
1158,2
762,2
7398,2
1019,2
2283,1
1555,2
1479,2
1994,2
1864,2
1130,1
10973,2
2315,2
692,2
10582,2
2705,1
128,2
9588,2
99,2
363,2
302,0
10910,2
11161,2
376,1
404,2
9888,1
1245,2
1586,1
9365,0
11013,2
375,2
8977,2
753,0
9325,2
8872,2
7842,0
1825,1
360,0
1165,2
2604,2
2577,2
10864,2
44,2
2376,1
2825,2
7422,0
537,2
278,2
6968,2
10842,0
8434,0
1304,2
548,2
10829,2
6843,2
1551,1
2512,1
1023,2
1779,2
10009,1
2380,0
1269,2
2498,2
9769,2
414,2
1759,2
7270,2
2111,1
934,2
1069,2
2255,2
666,1
7022,0
1841,2
6866,2
1851,0
236,2
418,1
9060,1
366,2
1020,2
8217,0
9480,0
1268,2
1347,2
8510,2
433,2
2616,2
9787,2
9733,2
1422,2
7171,2
7672,2
8716,1
9808,1
2454,2
786,2
1482,2
2179,1
8162,2
3252,1
926,0
3382,2
8003,2
998,2
454,1
833,1
2044,2
9031,0
9062,1
10762,2
7173,1
33,2
2910,2
2477,2
2379,2
301,1
575,2
7715,2
1011,0
290,2
2636,2
713,2
9200,2
9093,2
1057,2
1116,2
705,2
2204,2
1298,2
8590,2
6743,1
2612,2
1016,2
769,2
8179,2
1823,0
2570,1
2123,0
8180,0
7227,2
2493,2
1788,2
6571,1
388,0
203,2
2549,2
9715,0
9722,2
237,2
453,2
2982,1
10555,2
871,2
695,2
10970,1
566,1
1314,1
9917,1
1569,2
2035,2
224,2
1567,2
2739,2
9109,2
1761,2
10866,2
8356,2
2288,2
1316,2
1447,2
329,2
11318,2
2479,1
9743,2
2586,0
964,2
2138,2
1308,2
10877,2
1100,2
735,2
2370,2
397,2
2222,1
56,2
8827,1
364,2
1358,2
3211,0
2744,2
1799,1
31,2
1579,2
2436,2
744,2
1344,2
191,2
2702,2
8284,0
7717,2
335,2
1444,0
3145,2
1283,2
2479,2
1598,2
1921,2
11093,2
2331,1
7759,1
555,2
10452,2
2272,1
2301,1
9779,2
2371,1
621,2
583,2
3110,2
7928,2
10236,2
801,2
265,1
9436,1
2589,1
9753,2
893,2
7134,1
930,2
10139,2
7547,2
1426,2
11227,1
3161,2
1950,2
8564,1
1872,2
2120,2
2714,2
1741,2
1170,2
7835,1
1755,2
1844,2
10476,0
138,2
170,2
6587,1
10294,2
3117,2
8244,1
2635,1
7341,2
2421,2
7033,2
36,2
1304,0
10317,2
1937,2
10577,2
1487,1
366,0
1373,1
9732,1
350,2
1814,2
890,1
657,0
8626,1
6995,1
8789,0
2276,2
314,2
2191,2
1585,2
3063,2
8522,2
2515,2
767,2
897,2
9690,1
1855,1
288,2
7477,2
9503,2
10598,2
267,2
7557,1
993,2
8448,2
8614,2
881,0
10935,2
2265,2
606,1
10850,1
1387,1
424,2
8527,2
8782,0
1620,2
1282,2
2141,2
9973,2
11103,2
336,2
10865,1
2310,2
3006,2
328,2
675,1
7051,2
651,2
2354,2
9403,2
9829,1
2619,0
8963,2
1210,2
8228,1
2501,2
632,2
2633,2
449,2
1160,2
10660,2
1487,2
11231,1
10208,2
2587,2
562,2
1331,2
470,2
10709,2
9134,1
2361,2
255,0
7826,2
1939,2
1559,2
9766,0
851,2
2356,1
549,2
1944,1
845,2
7026,1
2057,2
10932,2
80,2
8986,2
10600,0
2687,2
1585,2
10899,2
8328,2
10664,2
7511,2
1047,1
611,2
6777,1
1504,2
2124,2
9927,2
8749,2
278,2
1289,2
11312,2
2011,2
7300,0
512,2
9050,2
8148,1
2298,2
2411,2
10840,2
1595,1
578,0
7966,2
1774,2
8397,2
10783,2
10362,2
2620,2
8277,2
2660,0
9110,2
1625,1
8720,2
1618,2
908,1
2228,0
7388,1
10464,0
845,2
2053,2
10573,2
7158,2
2678,1
11267,1
8129,1
2415,2
1624,2
9072,1
848,1
1687,2
963,2
2610,2
90,2
9703,2
2029,2
3038,0
1481,0
686,1
902,2
10622,2
2491,2
8402,2
377,2
1840,2
10711,2
6969,2
10214,2
8837,2
1951,0
7923,0
8714,2
1748,1
1519,2
8009,2
1756,2
829,2
2243,2
399,2
1168,2
8280,2
860,1
2606,2
1108,2
10055,2
10014,0
1206,2
7301,2
8368,0
2031,2
594,2
1157,1
2267,2
708,2
159,2
2430,1
1923,1
1217,2
10259,2
745,2
7580,2
133,2
704,1
10167,2
141,1
10140,2
9330,2
10940,1
299,2
1334,2
905,2
2922,2
1772,2
9431,2
152,1
7737,1
2145,2
2086,1
2914,2
2071,2
2797,0
10605,1
10289,2
1316,0
1049,2
1009,2
736,1
1980,2
1194,0
10981,2
2312,2
952,2
1396,0
2846,1
2144,1
9145,2
2750,2
785,2
8132,2
8942,2
879,1
2802,0
8408,2
1263,2
9537,2
8830,0
7772,2
9130,0
145,1
10646,2
759,2
1637,1
53,0
1388,0
2216,0
8791,2
8270,2
9220,2
1924,2
7929,2
981,0
861,2
579,2
10310,0
1802,2
3226,2
2518,2
2121,2
7637,2
1511,2
2526,2
1856,1
2719,0
1128,1
1740,2
1578,2
659,2
447,2
2583,2
9668,1
1769,2
10764,2
7905,2
10511,2
2512,2
10415,0
111,1
2653,2
7099,2
2303,2
1679,2
291,2
796,1
2644,2
1118,2
2138,2
9546,2
10438,1
1198,1
10434,2
698,2
8878,2
7829,2
8882,2
9577,2
771,0
2787,2
1417,2
8062,2
10176,2
245,2
423,1
203,2
6506,1
201,0
3081,2
9635,2
814,0
7488,1
10103,1
2330,2
2736,2
2598,2
880,2
8656,2
576,2
237,1
9336,2
2336,2
6792,1
7549,2
9439,1
9335,2
6863,2
734,2
8563,2
8641,2
7645,2
663,2
10446,2
1207,1
1100,2
10743,2
33,1
7087,0
1914,2
7607,2
1421,2
2104,0
1979,2
7512,2
10213,2
2731,2
168,2
1609,2
1517,1
424,1
7866,2
1114,2
2221,2
2132,0
1289,2
8354,2
9086,2
11165,2
1242,2
2328,2
8412,0
9395,1
7977,2
7708,1
1467,1
1409,2
1901,2
2780,2
168,0
1830,0
999,2
7985,2
6865,1
517,2
2011,2
3187,2
2019,2
2469,2
3368,2
7067,2
8979,2
811,2
2266,1
325,2
1420,2
1877,0
1492,2
1825,2
2798,2
10628,2
1172,2
274,1
365,2
2725,2
7192,2
2435,2
151,2
216,2
2710,2
7337,2
1476,2
10737,2
8364,2
10455,2
7668,2
2891,1
872,2
1378,2
10015,2
1538,2
8651,1
9526,2
624,1
2383,2
1243,1
1760,2
3114,1
8447,1
683,0
1820,2
1827,2
1741,0
9059,2
4,2
1486,1
1718,1
936,1
254,2
1604,2
379,2
9953,2
7363,2
6977,2
950,1
8355,2
7150,0
206,0
1216,2
1425,1
9945,2
1101,0
992,2
918,2
8676,2
1855,1
1783,0
10527,1
3026,1
10997,2
1228,2
7631,2
2243,0
7675,1
2325,0
2136,2
1106,2
2441,2
11057,1
401,1
2662,2
424,1
8351,2
9328,1
2687,2
7505,2
2964,1
8176,0
1080,2
7201,0
7824,0
2806,2
1127,1
801,0
2707,2
10503,2
9142,1
1523,2
10006,0
7306,1
374,2
814,2
9964,0
10934,2
10445,2
820,2
2098,0
2351,2
348,2
9957,2
3470,0
210,2
1703,2
563,1
2091,1
1471,2
11105,2
8528,2
298,2
1491,0
8763,2
528,2
1049,1
2504,1
2160,2
1456,2
1603,2
2420,1
8815,1
8383,2
9484,1
7519,0
11100,2
2533,2
342,2
678,2
11147,2
11104,1
2206,1
1315,2
662,2
7122,2
2634,0
7447,2
222,2
1978,2
10592,1
390,2
222,2
1913,2
2352,2
1525,2
10856,0
1983,1
869,0
2735,2
10124,2
2332,2
642,2
2654,2
1859,1
1896,2
511,0
1405,2
2211,2
2220,0
2332,2
520,0
7403,2
733,2
2092,2
923,2
1268,2
181,2
736,2
11127,2
7485,2
7017,1
6,1
1307,2
724,2
2269,2
7957,1
406,1
1758,2
1605,2
1233,1
1346,2
690,2
300,0
1596,1
2411,2
10537,2
2525,2
1569,2
1776,2
8817,1
1126,2
2770,1
877,2
2129,2
1413,0
558,1
2623,2
7744,2
1356,2
773,2
10383,2
1490,2
2885,2
10742,1
7713,1
9613,2
8991,2
1724,0
2561,2
10977,2
3147,2
1782,1
2182,0
9905,2
6967,2
9043,2
2367,0
170,2
9815,0
8303,2
10969,0
1602,2
106,2
7056,0
964,2
1003,1
530,0
9959,2
2588,2
9348,2
3224,2
2452,2
10338,2
1139,2
1360,1
2034,2
221,0
7222,0
10149,2
2716,2
799,2
7030,2
1971,0
7820,2
2904,2
1389,2
2355,0
3112,1
9040,2
2436,2
3171,2
9949,1
240,0
808,2
2149,1
1879,2
1355,2
2139,2
2102,2
7015,0
345,2
10156,2
1908,1
412,2
233,2
1513,1
2603,2
2273,2
10587,2
277,2
10913,2
90,1
1622,2
754,2
703,2
11130,1
11018,2
10949,2
1461,0
1530,2
8693,2
7955,2
2137,1
10184,0
218,2
9682,1
536,2
587,2
336,2
1664,2
1459,2
498,2
1653,2
8478,2
7196,0
2153,2
1110,2
8006,1
2388,2
9900,1
2545,2
1120,2
1254,2
7074,2
8518,2
1314,2
851,1
9367,2
11022,2
8678,2
850,1
1976,2
7170,1
8592,2
10900,1
1477,1
2415,2
140,2
134,2
3140,2
8615,2
10813,2
335,1
2025,2
1248,0
2619,2
2706,2
317,2
2871,2
9027,2
864,2
10909,2
8266,2
9141,2
2763,2
1880,2
9834,2
1037,2
2866,0
2091,1
1635,2
611,2
1088,1
1321,0
1258,2
673,1
978,2
484,2
11299,2
7754,0
9047,2
9986,2
599,1
10805,2
1370,2
1611,1
3275,2
452,1
123,2
10024,2
8474,2
2412,1
2752,2
595,0
9892,1
1694,0
3228,2
1515,2
7660,1
2117,1
226,2
100,2
10701,2
6879,2
1410,0
1293,2
10528,1
255,2
2109,1
7499,0
578,2
1299,2
1698,2
10215,1
624,1
449,2
9677,2
640,2
7206,2
691,2
1048,2
6459,1
971,2
920,2
2739,2
9954,2
1472,1
2614,0
332,2
8697,1
1980,2
2336,1
1397,2
2518,2
2530,2
636,2
2658,2
131,2
2681,2
765,2
693,2
1800,2
227,2
7716,2
1665,1
1806,2
9181,2
2726,0
370,2
1388,1
765,0
374,2
1818,2
1350,0
1051,0
25,1
2064,2
1541,2
2409,2
2625,2
11118,2
811,2
8151,1
373,1
2201,2
372,1
1354,0
6927,2
7757,1
58,1
2960,2
1050,0
1840,2
1237,2
9895,2
8431,2
2261,2
2898,2
2436,1
8624,2
2314,2
8202,2
8145,2
1752,2
1441,0
588,2
428,1
42,2
2086,2
7108,2
10287,2
879,2
26,2
1502,0
883,0
8829,1
2764,2
10352,2
3320,2
9163,2
11133,2
847,2
46,0
8931,2
2213,2
6926,2
1609,2
2685,1
9357,1
69,2
8930,2
645,2
206,2
2357,1
8668,2
1326,2
8224,2
544,2
7591,1
263,1
262,2
1755,0
10099,2
630,2
8075,2
7775,2
2961,1
691,0
2266,0
1214,2
1686,2
10680,2
2004,2
1539,2
8237,2
10734,2
3051,2
7507,2
7592,2
2110,1
621,2
309,2
343,2
9083,2
9271,2
2603,2
1890,2
997,2
9788,0
1942,1
9071,2
652,2
2231,2
1324,2
10953,2
11223,2
10751,2
7011,1
926,0
2047,2
1670,2
943,2
226,2
1645,2
406,2
1551,2
171,1
208,2
2209,2
7425,2
9017,2
10311,2
2148,0
2721,2
496,2
10581,2
8272,2
113,2
10613,2
7282,2
2401,2
355,0
2418,2
1381,2
646,2
1210,0
1566,2
1026,2
797,2
1189,2
10456,2
2277,2
9629,2
284,1
1205,2
9004,2
589,2
6992,2
80,2
61,2
220,1
2241,0
8032,2
1759,0
828,1
2774,2
2670,2
1111,2
1252,1
2781,1
9295,0
10513,2
10,2
227,0
1509,2
2774,2
2788,1
9776,2
8702,2
1171,2
110,2
5,2
1743,2
829,2
1803,2
8730,1
6826,2
1511,2
10772,1
369,2
1007,2
8761,0
640,2
9634,0
1804,0
1150,2
2222,2
1324,2
3142,2
19,1
10381,2
8188,2
1501,0
2610,2
1822,1
2159,2
720,2
9422,2
8417,2
146,2
11114,2
473,2
8776,1
1560,2
6957,2
10785,2
9568,2
8313,2
9564,2
1243,2
916,2
8497,1
11287,1
1449,2
11234,2
108,2
8171,2
9853,2
2385,2
2169,2
10976,1
1952,0
11188,2
8175,2
2888,1
10779,0
2200,2
8453,2
2907,1
5,2
62,2
10153,1
386,2
777,2
2235,2
7404,1
10904,2
2664,1
818,2
185,1
8607,2
2226,2
384,2
1620,2
9746,2
2924,1
2627,2
9667,2
35,0
6691,1
351,1
7451,2
1267,2
2682,2
10454,2
1244,0
84,2
40,1
395,1
9104,1
2505,1
2507,2
2245,2
10880,2
2087,2
1024,2
2271,2
488,0
888,2
8104,2
7603,2
846,2
2844,2
438,2
2596,2
2850,2
10717,2
2208,1
3189,2
10271,0
1447,2
484,1
2507,1
7556,0
7332,2
1374,1
3160,1
1278,2
6955,2
2592,0
1074,2
1949,2
996,2
10983,2
1651,2
1323,2
10609,2
1074,1
515,2
918,2
2722,2
2678,2
7725,2
63,2
1595,2
9389,2
1300,2
8814,2
874,1
10702,2
1323,2
1249,2
2013,2
9180,2
7323,1
1505,1
10536,2
519,0
838,2
7133,2
7538,2
1135,2
41,2
7325,2
1810,2
6822,1
10073,2
1489,1
10131,2
2680,2
9802,0
2249,1
8,2
1907,2
334,2
319,2
8498,0
2676,2
10663,2
895,1
860,2
9379,2
839,2
10134,0
2668,1
10561,2
9499,1
11011,2
3150,1
1000,2
2468,2
1238,2
2551,1
727,2
10177,0
1683,1
1197,2
9836,2
10290,2
380,2
2316,2
528,1
3082,2
1683,2
3384,2
1322,2
75,2
2567,2
9168,2
437,2
2531,2
8363,2
976,2
1337,2
485,2
194,0
422,1
6603,1
2711,2
476,2
891,2
2450,2
7085,2
149,2
1884,2
1411,1
2642,0
7956,2
2311,2
2589,2
1668,2
1095,2
938,2
1351,0
2236,1
8027,1
887,2
2244,2
6856,1
1191,2
2491,2
7420,2
269,2
7693,2
10894,2
2661,2
1670,2
977,1
3084,2
9052,0
443,0
10227,1
1163,2
870,2
1599,2
8245,2
8806,2
2688,2
2703,2
9971,2
9202,2
870,2
2592,1
1975,2
2141,1
9740,0
8460,2
11116,2
551,0
9714,1
8093,2
1934,2
755,1
1610,0
1094,2
963,0
2686,2
3043,1
2227,2
244,0
353,2
2625,2
207,1
10011,1
276,2
1398,2
484,2
2279,2
128,0
173,2
10222,0
2582,2
1275,2
6511,1
9087,2
1223,1
356,2
667,1
11120,2
2409,2
655,2
2509,2
3163,2
7467,0
7947,2
11030,2
2994,2
297,2
7801,1
2799,1
1338,1
718,2
10532,2
6873,2
1155,2
9718,0
275,2
9443,2
11148,2
7094,2
102,1
9419,1
7721,0
3439,0
2607,1
7879,2
10590,2
806,1
1715,0
2252,1
1928,2
7680,2
1218,2
3108,2
9092,2
2483,2
2244,2
2322,1
73,2
2896,2
12,0
925,1
96,2
6916,2
10244,2
10152,2
541,2
3064,2
190,2
2884,2
8582,1
1093,2
397,1
1067,2
11256,2
9622,2
8877,2
1434,2
2374,2
774,2
815,2
7068,2
367,2
2717,2
2559,2
1315,2
1792,2
3050,1
125,1
10911,2
3031,2
564,2
2652,1
8625,2
9784,2
1438,2
2048,2
7621,2
8430,2
10276,1
252,2
114,2
2009,2
2282,2
1597,2
629,2
8802,0
542,1
1354,2
1629,2
2191,0
2037,1
8330,1
405,1
10689,2
7881,2
8278,2
1767,1
921,2
1733,2
139,2
2646,2
8794,2
2403,2
1121,2
9269,2
2461,1
357,2
2916,2
2601,2
903,0
2435,2
10890,2
387,2
2892,2
9879,0
210,1
1240,2
201,0
1286,1
787,1
8128,2
1170,2
1960,1
2677,2
668,2
1305,1
8238,2
421,1
2500,2
8253,2
729,2
8523,2
566,2
9132,2
122,2
9553,2
313,2
1162,0
8879,2
1919,2
187,1
2076,1
102,0
2720,1
245,2
11123,0
264,2
2954,2
828,2
503,0
2305,2
9681,2
1966,2
2728,2
1473,2
7443,2
9028,2
2142,2
10774,2
486,2
9731,2
1878,2
7218,2
1256,0
1800,1
1734,2
2883,0
2163,2
10776,2
380,2
847,1
105,2
1365,2
2059,2
540,0
8507,0
7979,2
9736,2
1318,1
7850,0
7037,2
2415,0
2303,2
1364,2
8476,2
6964,1
2170,2
1951,2
6970,1
9989,2
1881,2
1241,1
481,2
1972,2
882,2
1301,0
3209,2
828,2
10901,1
8690,2
3061,2
7333,2
7220,2
451,2
1034,2
2243,1
10076,2
2400,2
1389,2
9519,0
74,1
2094,2
2118,2
499,1
1705,2
10318,2
2346,1
7581,1
11250,2
2485,2
8099,2
6796,1
11320,1
795,0
338,2
2321,1
1060,1
9246,2
7805,2
1932,0
8694,2
824,2
1258,2
10733,2
2658,1
949,2
6772,1
2550,0
7991,0
787,1
10008,1
11125,2
723,0
1276,2
10133,2
7912,1
62,2
638,1
2456,2
1058,2
2207,1
3284,2
1394,2
2022,2
727,2
467,2
1931,2
9901,2
3010,1
869,2
729,2
1296,1
12,1
9689,2
644,2
2221,2
67,2
1897,2
1036,2
905,2
591,2
2528,2
20,2
9496,2
1568,1
9401,2
2712,0
8631,0
739,2
1576,1
9007,1
1639,0
2472,2
2216,2
10413,0
2000,2
614,2
1635,2
10773,2
7185,1
923,0
653,2
444,2
2287,2
7659,1
256,2
867,2
9623,1
1931,0
2263,1
372,2
1793,2
2902,0
743,2
10188,2
2875,2
113,2
248,2
1097,2
7606,1
8353,2
875,1
1224,0
2640,1
2348,2
11016,2
2270,2
2004,1
2404,1
7728,1
7861,2
1687,1
63,2
1605,2
9320,2
1868,2
9624,1
9418,2
9176,2
99,2
10299,0
410,2
57,2
8433,1
2993,2
835,2
3402,2
1612,2
533,2
10428,2
2315,2
9385,2
2744,2
1895,2
8156,2
11275,2
2359,2
9654,2
6716,1
10186,1
1792,2
935,2
8243,1
3154,0
2064,2
6674,1
1184,0
485,0
8699,1
2176,1
913,2
617,1
1602,2
2221,0
447,2
29,2
7331,2
10020,0
8611,0
1031,2
982,2
1388,2
2208,2
10759,2
2147,1
1436,2
126,2
1579,2
9053,2
2193,1
610,2
2833,1
2471,2
2020,2
1373,1
2388,2
1673,0
1547,2
2534,2
7338,2
182,2
1613,2
1536,2
1361,0
993,2
273,0
608,2
11183,2
10819,2
2959,2
8718,2
2725,0
10253,1
2304,2
2185,0
2530,0
2477,2
844,2
432,2
9676,1
10611,2
7162,2
2071,2
507,2
1672,1
1322,2
701,0
66,1
7383,2
6830,2
7369,2
7720,1
15,2
7391,2
1537,2
615,2
631,2
1499,2
3070,2
1675,2
6609,1
382,2
6928,2
2323,2
2112,0
143,2
59,1
497,2
1482,2
11110,0
11019,2
10814,1
10234,1
473,2
1541,2
9728,2
2870,2
1649,2
7267,2
9565,2
10747,2
2326,2
8341,0
1285,2
9637,1
2268,0
10753,2
8373,2
1465,2
2779,1
2087,1
1866,2
524,2
2908,2
83,2
1162,2
8152,2
2482,2
1355,2
8040,2
1406,0
645,2
1073,1
9695,2
10040,0
2034,2
1575,2
9345,1
825,0
8400,0
7962,2
477,1
1392,1
1159,2
1993,2
8440,1
820,0
7063,1
8173,2
9260,2
2755,2
2215,2
2628,2
6820,1
8515,2
523,0
8831,2
9865,2
6886,2
2631,2
9738,2
7069,1
9771,2
9968,2
8059,0
1751,1
1158,2
10942,0
2503,2
162,2
6835,2
10775,1
7355,2
625,2
1979,2
7434,2
9038,2
594,2
660,2
8223,2
3480,0
8326,2
1317,1
2022,1
180,2
8310,2
10547,1
7468,1
3276,2
1760,2
1051,2
2213,0
9707,2
2951,2
9992,2
11094,2
1721,2
8485,2
2601,2
1633,2
7729,2
8757,2
277,1
1477,1
111,2
2395,2
932,2
612,2
6958,2
1178,2
1575,2
570,1
1024,0
592,2
3381,2
7914,2
11199,2
11020,2
2060,1
2384,1
11140,2
593,2
2198,2
7807,2
112,1
10698,0
2090,1
1631,2
10473,2
8052,2
1267,2
10926,2
7292,2
59,2
1460,2
2475,1
2462,0
2065,1
1094,1
7034,2
9393,2
9375,0
10255,2
1149,0
9487,2
250,2
957,2
7427,2
7883,1
2572,1
7895,2
7662,0
9596,2
166,0
7724,2
1735,2
10095,1
2650,0
10671,1
284,0
9296,2
9035,2
1531,2
8432,2
1797,1
383,2
10016,0
81,0
911,2
341,1
493,2
1675,2
10952,2
8772,2
10616,2
251,2
470,2
9686,2
480,2
177,2
1948,2
9914,2
6903,1
139,2
7392,1
295,1
49,1
2478,2
10843,0
10439,0
8045,0
8138,2
8710,2
10538,1
98,1
10967,2
654,2
1372,1
2358,2
306,2
1310,2
7221,2
2079,2
8216,2
3077,1
10810,0
1125,2
3268,2
318,2
6983,2
11321,1
8203,2
7247,2
3052,2
1008,2
3125,0
1976,1
10648,2
467,2
2442,2
673,0
54,1
2399,2
1006,2
7970,2
8261,2
1611,2
8588,1
2677,2
8097,2
9217,0
2671,2
8429,2
7202,1
1608,2
2159,2
2400,2
2702,2
10343,2
2704,0
169,1
1612,2
7177,1
2333,2
7627,1
9621,2
9855,2
381,2
689,1
1875,2
1281,2
2521,2
852,2
10374,1
1047,2
2689,0
9,0
3233,2
10282,0
10086,1
2475,2
1636,2
1657,2
2043,0
10039,2
10279,2
7055,2
7711,2
1718,2
1961,2
1000,2
9368,0
169,2
363,2
10248,2
2847,2
1483,1
1291,1
909,2
10631,1
2675,2
9645,2
127,2
8010,2
8713,2
1550,2
1367,0
327,2
8933,2
1889,1
346,2
7535,0
9827,0
8490,2
788,1
2609,1
1471,1
925,2
8043,2
9669,2
7560,2
9756,1
8762,1
980,1
27,2
1776,2
1214,2
7877,2
8229,1
161,2
256,2
11283,2
92,2
2539,2
429,2
6802,1
2263,2
1113,2
10604,2
639,1
2126,2
2313,1
10645,2
1063,2
1425,1
1032,2
1725,0
10179,2
8380,2
758,1
6935,2
1450,2
1794,2
8157,2
10996,2
120,2
2519,2
1896,1
125,2
2390,2
186,2
231,2
2716,2
2300,2
1594,2
0,2
11150,2
2143,1
3039,2
7610,2
3170,2
705,2
1577,1
8426,2
967,2
1074,2
18,2
2631,0
10705,2
1440,2
330,2
14,0
390,0
1451,2
2346,2
989,2
2254,1
1953,1
11141,2
10496,2
7175,2
2476,2
3032,2
7199,0
1208,2
9068,1
1552,2
2422,2
3148,2
2242,1
7839,2
10071,1
7767,1
8715,0
2686,2
315,2
2557,2
508,0
1122,2
2915,2
1714,0
986,2
9301,2
9020,2
10823,1
1478,2
3334,2
11153,1
10862,0
8486,2
1363,2
2469,2
10050,2
9838,2
838,2
314,2
8403,2
898,2
9912,2
9754,2
8585,2
11319,2
2433,0
1906,2
1796,0
9868,2
960,2
7114,1
2582,2
2225,1
9969,2
10410,1
2032,2
1104,2
1646,2
49,0
7548,2
2565,2
7574,2
1192,0
2235,1
1037,1
1518,2
10242,0
690,2
3146,0
10078,1
195,1
1489,2
2402,2
9586,2
2962,0
3258,1
9867,2
2128,1
2427,2
7438,0
1015,2
2929,1
1534,2
2347,2
830,2
289,2
7882,1
6812,1
8118,2
324,2
2082,2
1999,2
2304,2
973,2
1581,2
10793,0
10906,2
8222,2
7003,2
8061,2
7059,2
7719,1
3109,1
6818,2
2007,1
1992,0
8248,2
2323,2
1922,2
2451,2
10615,2
2261,1
1399,1
9162,2
2087,1
2023,1
2491,1
727,2
2007,2
1177,1
672,2
1606,2
2635,2
542,2
9485,0
2957,1
1349,0
10305,2
8732,1
1281,2
1698,1
750,0
11289,2
1870,2
1556,0
1958,2
2484,2
8695,2
1745,2
9305,2
9055,1
514,2
249,2
2680,2
2085,0
9539,2
1601,2
8742,2
9822,2
188,1
2563,2
1549,2
1677,1
256,2
8912,1
2645,2
247,2
1080,0
2562,2
391,2
1772,2
10405,1
241,2
1011,2
39,2
2576,2
1279,2
10155,1
276,2
789,2
1377,2
2704,2
1460,2
618,1
2590,2
1219,1
1624,1
184,2
7831,2
2170,1
2219,2
7406,2
749,2
9516,1
3285,2
137,2
8018,2
946,0
444,2
9875,2
9146,2
1150,2
2247,1
7635,2
76,2
619,2
9470,2
9373,2
8015,1
2627,2
10642,1
8560,1
1563,2
2508,2
1736,2
2608,2
6858,2
2,1
9832,2
1829,0
616,2
1460,2
2231,2
850,2
8608,2
3011,2
1745,2
1894,2
1289,2
1359,1
2471,2
1276,2
2713,2
711,1
10191,1
2602,1
8470,1
9638,2
1261,2
1106,0
2635,2
2201,0
9806,0
1826,0
2918,2
9277,1
1671,2
771,2
1116,2
2022,2
622,2
2935,0
7553,2
485,0
10487,2
10630,2
2310,1
2984,2
1250,1
9655,0
3287,2
9938,2
2060,0
2096,1
1026,2
1957,2
2143,2
10197,1
2109,2
2707,2
72,1
2553,2
10656,2
10094,0
7154,2
3186,2
10324,2
8539,0
1742,2
2647,1
8057,2
8689,1
2074,2
1134,1
9116,2
1535,2
272,1
2679,2
2036,0
1522,2
27,2
2344,0
189,0
996,2
2358,2
8792,0
11044,0
2789,1
8809,1
9671,2
466,2
2288,1
1749,0
2429,2
2830,2
3274,2
1493,2
9392,0
2101,2
1559,1
1067,2
2370,2
1109,2
9687,2
559,1
3443,0
1658,0
3242,2
1732,2
816,2
1852,0
10262,0
2426,2
1532,0
47,2
2,2
2694,0
337,0
8530,2
11284,2
8544,2
9735,2
9809,2
775,1
8929,2
8073,2
2424,2
355,2
981,2
11313,0
1453,2
809,2
2463,0
1354,2
1463,2
9752,1
311,1
2537,2
9864,2
10221,2
1939,1
7197,2
1288,0
7436,1
1040,0
224,2
11197,1
3229,2
3267,2
2409,1
1362,2
1784,2
8323,2
8087,2
7530,2
117,1
934,2
3317,2
2293,2
7865,1
11285,1
1525,2
2576,2
11303,1
888,2
2194,0
664,2
10435,2
7384,2
1893,0
7636,2
1733,1
1886,2
1102,2
10925,2
401,2
1380,2
9649,2
1208,0
9463,1
878,2
609,2
7995,2
9299,2
10574,2
1834,2
1316,2
1981,2
1953,2
1,2
8751,1
1529,2
2652,2
10354,2
834,2
2710,2
2051,0
1395,0
638,2
76,2
1164,0
2666,2
8196,2
7998,2
100,2
2756,2
937,0
2240,0
7387,2
1897,0
8753,2
11003,2
998,2
9024,2
8338,2
2949,2
2286,2
344,2
9479,1
6839,1
1652,1
305,2
6889,2
1822,2
10198,1
914,2
8091,2
1417,2
2497,2
2142,2
1513,2
1662,1
1029,2
1120,1
953,1
1022,2
3044,2
9522,2
1510,2
1244,2
6972,2
426,0
107,0
283,0
6952,2
306,2
11278,1
6974,2
1886,2
9694,2
2457,2
776,2
2447,2
1667,2
1853,2
8946,0
9183,1
1726,2
2099,2
8197,2
50,2
2240,1
8473,2
10845,2
7493,2
688,2
11295,1
2764,2
459,2
2129,2
513,1
1713,2
388,0
1963,2
812,2
960,2
8652,2
10193,1
2725,1
7082,1
9112,2
7293,1
7183,2
8962,2
1982,1
586,0
7157,2
2988,2
7847,2
2304,2
1192,2
7870,2
1543,2
2075,1
9814,2
6617,1
2178,2
9999,2
2309,2
2772,0
7570,0
895,1
9716,2
6619,1
8163,2
358,2
2704,2
7140,2
2804,1
2178,2
11101,2
3355,0
658,0
2502,2
8534,2
2120,2
9156,2
11080,2
1449,2
2124,1
695,2
2236,2
9440,2
9590,1
2125,2
1808,2
10267,2
7919,2
3099,2
672,2
253,1
156,2
158,0
2524,2
741,1
774,2
1542,2
7018,2
2137,2
91,2
1236,2
1328,2
2480,2
2011,2
597,2
1419,2
1011,2
8576,0
1220,0
7529,2
1335,0
2292,1
8064,2
7435,0
1127,0
273,2
1917,2
2231,2
6930,2
7945,2
9632,1
8826,0
11132,0
882,2
722,2
817,2
1947,2
2163,2
1472,2
2485,2
2073,2
10923,2
430,2
9236,2
1439,2
8213,2
109,1
1544,1
2495,2
8680,2
1615,2
840,2
1409,0
8462,2
1795,2
102,0
2050,2
2547,2
2018,2
7149,2
2217,2
670,0
1991,2
1680,1
2157,1
2253,2
2329,1
2767,2
9105,2
9123,2
8540,0
3162,1
8914,2
9582,2
1800,2
1778,1
7640,2
2001,1
9098,2
799,0
2345,2
9824,2
1889,1
8334,0
11296,2
10694,0
1791,2
763,1
11009,0
9820,2
10481,2
437,1
1104,1
825,2
2076,2
7789,2
3141,1
833,2
1708,0
10848,2
8004,1
7027,2
10461,2
1807,1
8234,1
1457,2
1905,2
215,1
100,2
8082,0
798,0
7327,2
1348,1
6975,2
8886,2
2544,2
10928,1
2759,2
2483,2
2758,2
883,2
3269,2
10084,0
132,1
243,2
2116,2
2691,2
1132,2
10175,2
10789,2
9213,2
499,2
1562,2
2280,1
150,0
944,2
2056,2
1485,2
2700,2
8232,1
1982,2
776,1
2443,2
7594,2
2043,2
1782,2
6923,2
1364,2
1450,0
8388,2
1946,2
2473,2
571,2
949,2
1065,1
8939,2
1268,2
6673,1
7860,2
7510,2
8855,2
513,2
1262,2
8418,0
8969,2
1728,0
777,1
680,2
1864,2
618,1
779,1
344,2
6846,1
9569,2
10488,2
177,1
2294,1
9882,2
1280,2
9937,2
7120,2
2912,1
6475,1
535,2
214,2
2571,2
2168,2
259,2
3134,2
303,2
8858,2
9641,1
561,2
9555,1
1799,2
1943,2
1081,2
7916,2
2694,1
10121,2
290,2
10258,2
1014,0
2265,2
2358,2
1949,1
6499,1
1493,2
8123,1
2439,2
10029,0
10867,2
2169,2
2150,1
10423,1
1374,2
8046,0
2250,2
7304,1
10417,2
2685,2
3090,1
1138,1
8471,2
10250,2
9438,1
982,0
1393,1
1729,1
10529,0
1193,1
425,1
9143,2
2357,2
917,2
9268,2
2112,2
158,2
1953,2
8733,2
7751,2
2212,1
1805,1
2431,2
1604,1
10685,2
9278,2
1762,1
2410,2
1676,0
2517,1
3282,2
1935,1
9976,2
1372,1
7019,0
71,1
2115,1
2396,1
486,2
1681,2
7628,2
7287,0
2887,2
2361,2
1601,2
7128,1
1199,2
334,1
699,2
6478,1
7913,2
8801,2
1583,1
8777,2
1655,0
1524,1
2461,2
9227,2
9934,0
91,1
1272,2
10355,0
389,2
835,0
2002,1
1336,1
1022,2
9319,2
1055,2
1309,2
295,2
9850,2
804,2
2575,2
618,1
115,1
9849,1
11162,2
1332,2
2023,2
731,2
1798,2
1159,0
292,0
1915,2
9789,2
2647,1
11233,2
71,2
8325,2
200,1
1692,2
2514,2
1263,1
2499,1
8001,1
11279,1
1977,2
9131,2
1738,2
7800,0
2496,2
9077,2
10807,0
2136,2
2002,0
2807,2
45,1
190,2
8536,2
10390,2
922,2
37,2
1751,2
886,1
9747,2
1271,1
626,2
1707,2
7982,2
1956,2
1234,2
1809,1
7144,2
2146,2
307,1
8139,2
8242,2
10146,2
9205,2
2224,0
231,0
2552,0
1181,1
131,2
2322,0
1627,2
6680,1
2591,2
7686,2
9114,0
527,2
160,2
6943,2
10732,2
7360,1
205,1
1304,2
10402,2
11077,2
6937,2
764,2
2496,1
1647,2
1719,2
3065,2
989,2
1554,2
2465,2
10745,2
74,2
9841,2
7840,0
10194,2
1543,0
2753,2
3260,2
1610,2
2738,0
2778,1
2626,0
757,2
10578,1
1477,2
7290,2
6959,2
1228,1
10585,2
10169,0
745,2
10110,0
2421,1
440,1
2754,2
1424,1
823,2
689,2
8934,2
1902,2
2329,1
2025,2
9398,2
890,2
8314,2
8754,2
2387,1
2780,1
7336,2
2150,2
1217,2
10825,2
7705,0
2535,2
1059,0
1311,1
1747,2
1257,2
9292,2
2098,0
1136,0
790,2
9851,2
1933,1
8787,2
1405,2
2416,2
1722,2
3036,0
392,2
2882,2
2714,0
7856,2
2476,2
317,2
7981,2
2021,2
1235,1
2586,2
10494,2
9544,2
3348,2
2259,2
10412,2
2542,0
1112,2
2278,2
1115,0
11135,1
1934,2
2327,0
3371,2
9664,2
7236,0
2617,2
10363,2
394,0
1565,0
2574,2
1444,2
1079,2
836,2
7386,2
1210,1
6998,1
1522,2
1253,2
8379,1
7179,2
9970,2
268,2
8014,2
7663,2
524,2
10137,2
2209,0
6948,2
11271,1
2369,2
711,2
10859,0
10312,2
2117,2
2474,1
10111,1
98,2
2316,0
2407,2
602,2
10588,2
7810,2
684,2
2273,1
9346,2
1394,2
9908,2
786,2
2021,2
144,0
7818,2
715,0
1835,2
11163,2
505,2
928,1
1629,2
10985,2
2212,2
1185,2
8725,2
1909,2
2525,0
738,2
7780,2
10406,1
1330,1
629,0
8267,2
345,2
9340,2
142,0
8599,2
2177,2
10786,1
8708,1
10301,2
2113,2
10034,2
1487,2
1352,1
1178,1
1648,2
8023,2
2077,2
9966,2
639,2
825,2
1701,2
2433,2
1056,2
9710,2
3391,2
2140,2
649,1
7838,0
7433,0
8240,2
7311,2
10070,1
1033,2
1769,2
1828,1
2742,2
939,2
6831,2
1948,0
9556,1
8724,2
6913,1
10142,2
10401,1
97,2
2223,2
8860,2
3403,2
1112,1
512,2
1272,2
11108,2
1461,2
1201,2
10579,2
7497,2
10738,2
898,1
820,2
2184,2
2429,0
2513,1
10164,2
2554,0
1721,2
48,2
1679,2
1514,1
267,1
7402,2
2805,1
2765,2
9926,2
11075,2
1703,2
9193,1
2131,2
2352,2
9644,2
1516,2
7393,0
9383,2
1360,2
1723,0
789,2
1438,2
998,2
3353,0
137,2
10054,2
724,2
2060,2
306,2
62,2
1981,2
10672,2
297,1
2811,0
10168,1
451,0
10093,1
1044,1
3023,1
601,2
1252,2
78,0
10778,2
7446,2
2587,2
11138,1
597,2
728,1
2496,2
2819,2
2394,2
148,0
10595,2
564,1
10427,0
11309,2
9717,2
9414,2
2045,2
3265,1
8901,0
2327,0
10559,2
9713,2
2295,2
570,2
10874,2
2028,2
1181,2
1407,2
865,0
2516,0
237,2
2198,2
2095,2
10557,1
10319,2
7939,2
11240,2
2573,0
2300,2
10200,2
2338,2
2714,2
175,2
242,2
7231,2
1202,0
3076,1
1684,2
156,2
1670,1
573,2
3261,2
880,1
7965,2
9287,2
2268,2
32,2
1467,2
1207,2
603,0
2546,1
8773,2
2111,0
1227,2
9680,2
10870,2
1717,0
88,2
805,2
8424,2
9250,2
2632,0
9363,1
2232,2
1089,2
810,2
10763,2
291,2
855,2
2446,2
778,2
6951,2
165,0
8135,0
1916,2
2432,2
1685,2
458,0
1342,0
86,2
1261,2
455,1
1997,2
440,2
1609,0
2510,0
2878,1
1732,2
3376,2
11168,2
142,2
1536,1
13,2
538,1
689,2
8632,2
7525,1
1593,0
1147,2
1542,2
1719,2
8254,2
11170,2
1694,1
8674,0
1018,1
8136,2
2381,1
8495,0
7968,2
2651,2
1584,2
1114,1
9816,2
1662,1
1318,2
1068,2
1871,2
1161,2
658,2
2490,2
8558,0
3121,2
2433,1
7688,2
1386,1
2255,1
3246,0
1964,2
2230,0
9178,2
1984,2
8346,2
2554,2
1798,2
9122,2
848,2
2645,2
6841,2
1853,2
1142,2
9201,2
10827,2
11268,0
1116,2
10681,0
9777,2
2919,1
10632,2
10199,2
7256,2
104,2
2461,2
2560,2
985,1
2205,2
678,1
1891,0
1131,0
212,2
143,2
844,2
2173,2
7515,2
9563,2
2017,1
9698,2
2279,2
1168,1
2115,1
614,2
8766,2
296,2
2773,2
8670,2
11254,1
2035,2
662,2
10567,0
351,0
1466,2
9284,2
1697,1
434,2
8707,2
2693,2
1452,2
1627,2
130,2
7706,2
7655,1
1999,2
9782,2
1004,2
802,2
3097,0
7002,1
554,2
585,2
369,2
7457,2
1377,2
2836,2
1175,2
218,0
606,2
2548,2
877,2
1834,1
3018,2
7096,2
318,2
10767,2
1561,2
1837,0
8849,2
506,2
2753,2
9575,1
517,2
2793,2
1284,1
6857,2
7071,2
8058,2
862,2
10756,2
1230,2
685,1
192,2
10212,2
8883,2
251,0
2376,2
2261,1
2535,2
1959,2
10385,1
2140,2
1124,2
545,2
2492,0
1728,0
9907,2
1995,2
3286,0
2255,2
1436,2
10533,2
2578,2
10508,2
375,2
476,2
7012,2
10690,2
984,2
166,1
808,2
7280,2
2540,0
10509,2
9709,2
2606,1
10007,2
232,2
1327,2
54,1
2080,2
460,2
7516,2
7787,2
10300,2
919,2
160,1
1551,2
961,2
2360,1
8386,2
9708,0
7762,1
1204,2
3236,2
303,0
830,2
1451,1
2296,1
1631,2
8808,1
68,2
2768,2
2726,2
1419,2
10207,2
9560,1
1228,2
9420,2
7924,2
1622,0
1561,2
179,2
193,2
2696,2
10344,1
2601,2
10916,2
442,2
1681,2
7643,2
1863,2
1353,2
3312,2
10652,1
6867,2
1248,2
8142,1
2460,2
176,1
1246,2
1591,2
1038,1
248,2
2663,0
1851,1
933,2
1630,2
10138,0
9387,1
2103,2
1936,2
10986,1
8357,2
9898,1
1848,0
10540,2
3404,2
2079,2
7046,2
1269,2
190,0
1347,2
1647,1
2796,2
1122,2
7726,2
7898,0
2335,2
8562,2
9103,2
8377,1
873,1
11060,1
579,2
416,2
1586,2
239,2
707,0
1169,2
9878,1
469,2
8149,1
877,0
2661,2
770,2
7689,2
1699,1
8281,2
2408,2
2362,1
8443,2
7843,1
2766,2
2732,2
7732,1
2439,2
1527,1
1199,2
3130,1
696,2
9339,2
1086,2
8524,2
7097,2
1234,0
546,1
10314,2
2055,2
9044,2
1589,2
1861,1
2362,2
9013,2
657,2
7778,2
1187,0
3248,2
966,1
2476,2
9925,0
10240,0
1339,1
1643,1
610,0
1187,2
1176,2
6915,2
965,2
2785,1
1201,2
2618,2
81,2
9772,1
942,2
6458,1
2313,2
386,2
2258,2
479,2
10610,1
43,2
11249,2
2614,2
1954,1
643,0
2437,2
2414,2
2659,2
2640,2
942,2
1194,2
8193,2
1030,2
7448,2
857,2
2605,2
1119,0
7135,1
6984,2
495,2
2613,2
1264,1
2448,2
1383,2
1937,2
10422,2
1751,2
2569,2
1362,2
9876,0
2563,0
10995,1
7822,2
2481,1
1510,2
7910,2
9701,0
3037,2
2633,2
7880,2
3157,1
10749,1
358,2
563,2
1761,2
596,2
2901,2
2390,2
915,2
1732,2
446,2
2312,1
365,1
8581,1
8352,2
2453,2
2069,0
1375,0
2463,2
1350,1
11261,2
6862,2
1967,1
7415,2
10653,2
792,2
986,2
636,0
7714,2
9154,2
9192,2
928,2
10001,2
899,1
10326,2
2359,2
3000,2
1195,2
3153,0
9136,2
685,2
11280,2
1242,1
7761,2
9852,2
8488,2
8159,2
136,1
183,2
198,2
80,2
2313,2
2165,2
6645,1
9096,2
2747,2
8143,2
8857,2
2755,1
1139,1
7735,1
323,1
9618,1
7370,1
10000,2
2644,2
756,1
1901,2
11051,2
8519,2
2308,1
212,2
1448,2
1444,2
2061,2
939,2
3339,2
548,2
461,2
8083,1
7413,2
1092,2
823,1
2274,2
9267,2
8606,2
10828,2
1538,2
8744,1
362,2
1478,2
1429,2
743,2
1815,1
1973,1
11221,1
931,2
8398,2
2250,2
1078,0
8650,2
1550,2
1211,2
339,2
1164,2
2515,2
7579,2
1734,2
2160,2
1232,1
2240,2
836,2
11090,2
503,2
89,1
3165,2
7588,2
715,0
27,2
1562,2
130,2
393,2
2123,1
88,2
2687,2
11131,1
6855,1
7207,1
2555,1
755,1
1812,2
9658,2
7101,1
7445,2
7809,2
8396,2
70,2
385,2
2072,2
738,2
8574,2
1781,2
10083,2
10457,2
136,2
706,2
1560,0
1962,2
2791,2
1703,0
9270,2
1045,2
9648,2
1032,0
926,1
6877,2
1455,0
557,2
2277,1
41,0
6683,1
10792,2
34,2
2591,2
1155,1
600,2
447,2
221,1
2341,0
7376,2
8038,2
3127,2
1656,2
1241,2
164,2
10565,0
2369,2
656,0
1907,2
1588,2
7619,2
1558,2
8898,2
2438,2
1437,2
11203,1
7141,2
7299,1
903,2
8719,2
1709,2
1958,2
9554,2
2730,2
8888,2
7248,2
9653,1
178,1
7252,2
432,2
1261,2
1229,2
2417,2
9244,2
7181,2
2297,0
1213,1
2665,2
9724,1
1615,1
1314,1
1539,2
924,2
760,2
10105,2
780,2
11050,2
9750,2
2122,0
1502,2
11186,0
2186,2
1697,2
1615,2
1892,1
1723,2
2574,2
10548,2
1644,2
9140,2
1739,2
2410,2
677,2
11084,2
262,2
2188,2
7042,2
11248,2
1630,2
9559,1
7023,2
9233,2
116,1
804,1
965,0
2392,2
10757,2
2472,2
2220,2
7587,2
8167,2
2152,2
1927,1
7000,2
1235,2
3080,2
2180,1
472,2
7906,2
2112,2
1744,2
2363,1
183,2
10822,2
8921,2
886,1
9447,2
764,2
1091,2
7350,2
9899,2
1876,2
2609,0
8647,2
8264,2
2445,2
2963,1
9991,2
11190,2
921,2
9307,2
987,2
1331,2
9609,2
8987,2
2134,2
1552,1
285,2
11212,1
1446,1
7528,2
2299,0
10243,2
8392,1
893,2
717,2
1120,2
8367,1
10049,2
1287,2
2734,2
7978,2
991,2
2709,1
207,0
2623,2
10553,2
1979,2
8195,2
1505,2
10938,0
341,0
434,0
411,2
8466,0
1810,2
1431,1
8726,2
1986,1
7899,2
2595,1
3020,2
11134,2
1039,2
8350,2
1528,2
1266,2
2301,2
6997,2
1138,2
312,2
200,2
228,0
8602,1
641,1
2210,2
272,1
2752,2
7750,2
2495,1
7664,2
8174,1
9190,2
1733,2
9562,2
8094,2
10518,2
10647,2
7061,2
2114,2
2353,2
2748,2
1180,2
1308,2
9338,1
1691,2
8340,1
2459,2
2773,0
2365,2
10379,2
459,2
7460,2
1495,2
9388,0
1358,2
2467,1
1329,2
2118,2
10657,2
2202,2
1562,1
2782,1
2106,2
1246,2
3333,0
464,2
357,2
11010,2
349,2
10102,2
7710,2
8169,2
622,1
2895,2
1787,2
576,2
2486,0
233,2
1737,1
1554,2
6850,1
7896,2
9473,2
8617,2
1190,2
2650,2
1303,2
6936,1
816,2
2857,2
2527,1
2718,1
1936,2
1645,2
10360,2
9435,2
11169,2
1167,0
1369,1
10047,2
7335,2
8840,1
2311,1
1520,2
2384,1
9428,2
2394,2
11201,2
11277,2
9532,2
25,2
10522,2
280,2
1274,2
392,2
3177,1
448,2
7102,2
281,2
505,2
2522,2
2351,2
10254,0
11102,1
11137,2
9807,2
2576,2
2711,2
1457,2
1428,2
2000,2
1781,2
9216,1
9636,2
7741,2
2090,1
675,2
1747,1
7288,1
1107,1
9441,1
746,2
2511,2
2648,1
1040,2
3205,2
919,2
690,2
1709,2
575,1
1818,0
173,2
442,2
120,0
11290,2
1400,2
1148,2
6757,1
1134,2
8779,1
8260,0
8894,2
1223,2
9324,2
2334,2
9158,2
157,2
295,2
8785,1
1586,2
2065,0
1980,2
1449,1
7049,2
9764,2
2585,2
1152,2
47,1
7263,2
9584,2
1960,1
10727,2
2628,2
7463,2
9673,2
8022,2
10839,2
10182,2
1333,2
892,0
8613,2
11054,2
10097,2
10263,2
3311,2
345,2
2375,0
532,2
7286,1
1072,0
9517,1
1882,2
2581,2
1278,2
1986,2
8409,0
918,1
301,0
9080,2
10602,2
8076,2
1780,0
1918,1
2534,2
352,2
9273,2
2405,2
580,2
9675,1
1937,2
1391,2
2527,0
21,2
466,2
308,2
376,1
174,1
10052,0
151,2
8677,2
10802,0
1975,1
358,2
1059,0
9725,2
10320,2
8508,2
1582,1
10725,1
10404,1
10148,2
2113,2
1157,1
8705,1
10469,1
534,2
2536,2
9839,2
819,2
3175,2
11074,2
9147,2
2355,2
2741,2
477,2
2272,2
9042,2
56,1
2151,2
8997,0
2778,2
1170,2
2267,2
9576,1
8965,2
2444,2
740,2
488,2
1940,2
635,1
508,2
10100,2
1938,1
1122,0
1218,2
8915,1
3238,0
2046,2
8944,1
2717,1
9602,1
386,2
11187,2
1893,2
7418,2
7081,2
128,2
1761,2
10784,2
2061,2
9256,0
1359,2
2312,1
8394,2
138,2
10920,1
685,2
9672,1
7091,2
3083,2
1578,2
7975,2
1068,2
544,2
2275,1
16,0
8479,1
11092,2
7264,1
1994,1
199,1
2800,2
2597,1
9513,1
9405,2
2986,2
8250,0
2547,1
2602,2
11152,2
1797,2
8505,1
10098,0
7316,2
3249,2
238,2
240,2
1250,2
8661,2
2269,2
10922,2
1695,2
2249,2
9119,2
2180,1
800,2
3,2
208,2
782,2
1437,2
1926,2
8975,2
2757,1
9831,2
1824,2
9354,2
8065,1
1690,2
202,2
1464,1
8811,2
8760,2
2422,1
7246,2
118,2
10876,1
1614,2
1238,2
434,2
11063,1
8638,2
10720,2
184,2
1091,2
9561,2
1499,2
7888,2
7066,2
7690,1
8449,2
1259,2
1858,2
1475,0
1769,2
536,2
7608,0
2092,1
150,2
8126,2
788,1
10644,2
7225,2
10655,1
569,2
980,0
9150,0
8604,2
10710,2
9760,2
1435,2
697,2
57,0
1197,1
1701,2
1379,2
8737,1
11055,2
2637,0
1167,0
1804,2
7598,2
3221,0
3397,2
10075,2
7126,2
2160,2
7971,1
9049,2
2900,2
1443,1
135,2
2333,2
2180,0
250,1
10597,2
2685,2
2155,2
1935,0
1077,1
2598,2
1965,2
562,0
275,1
768,2
8051,0
2321,2
2567,1
775,2
9700,1
1968,1
948,2
8407,2
739,2
2256,2
1651,0
7281,2
2035,1
1941,2
7262,2
1201,2
9460,2
9812,2
9041,2
10714,2
9534,2
480,2
1791,1
1657,2
1771,2
6988,2
1725,2
2303,2
907,2
1324,2
2280,2
3047,2
1345,2
2633,2
9281,2
7615,2
7449,0
8616,2
7544,2
11222,2
9857,1
6566,1
10780,1
2517,2
879,2
10575,0
1983,2
1280,2
9583,2
1500,0
1043,2
8345,1
1458,0
9101,2
8844,1
7473,2
2114,2
1661,2
2361,0
11264,2
2139,2
3330,2
9241,1
480,2
1828,2
163,2
221,1
8444,2
2246,0
2567,2
2154,0
176,1
154,2
1184,2
2287,2
2854,0
2158,1
6925,2
2683,2
2636,1
958,2
2669,1
1458,2
2664,0
7353,2
1489,0
1929,1
10619,1
1432,2
2575,1
11216,1
1619,0
9174,1
9762,2
2279,1
8273,1
530,0
2084,2
46,2
8778,1
329,2
639,2
1574,1
1256,2
1713,2
10447,1
1254,2
7182,2
1046,2
1010,1
9248,2
1775,2
1938,0
1636,2
1254,2
1584,2
7878,2
10872,2
1212,2
634,1
988,2
2634,2
2630,2
396,2
1555,2
9744,2
7739,2
430,1
1298,2
10323,2
8204,2
637,1
710,0
1500,2
10056,1
362,1
8571,2
1044,2
2308,2
82,2
3365,2
2420,2
9471,2
1423,2
9921,1
284,2
1158,2
1246,2
10063,2
11113,2
2762,2
3176,0
574,2
2015,2
2069,2
8274,2
568,2
1395,1
1483,0
1183,2
677,2
6540,1
11172,2
385,2
1904,2
551,2
2272,0
7942,2
9705,1
810,2
7926,2
7859,2
3122,2
7143,2
361,2
9848,0
7949,2
7747,2
7,2
1990,1
760,2
1869,2
436,0
1081,2
1839,2
9482,2
7212,2
1345,1
1543,1
1866,2
189,2
929,1
11035,1
1287,2
8066,2
1401,2
3303,2
8927,2
483,2
10399,2
9476,2
899,2
262,2
1125,2
2102,1
523,2
9913,2
1950,2
2732,2
627,1
7095,1
2991,2
533,2
162,2
10038,0
2595,2
8775,2
1026,2
1923,2
9230,0
8734,2
1075,2
1243,2
9005,2
970,2
2841,2
768,2
120,2
2787,2
10769,2
2150,2
7844,0
10284,2
6973,2
2132,2
1871,1
1411,0
285,1
2733,2
937,2
7994,2
9497,1
583,1
2434,2
304,2
2258,2
1795,2
11202,2
8935,2
846,2
2040,2
2363,2
2612,0
2196,0
1945,1
3217,2
1974,0
8842,2
11272,2
2058,0
9625,2
955,2
954,1
2763,1
1015,2
2378,2
9514,2
747,2
9869,0
3034,1
1309,2
1871,2
2188,2
858,2
7695,2
802,2
2230,2
10463,0
7889,1
526,2
2591,2
1794,2
465,2
1037,2
590,0
9263,2
10334,2
2468,0
1297,1
8296,2
8897,2
197,1
9242,2
7951,2
8233,2
7371,1
2360,2
9029,1
2616,1
8220,2
953,1
2928,2
830,0
9016,2
8572,1
488,1
894,2
9097,2
6934,2
531,0
843,2
1664,2
457,2
1905,1
1755,1
1926,2
2609,2
6971,2
1311,2
10273,0
2489,1
549,1
472,2
9887,2
1898,2
7925,2
6819,2
2719,2
595,2
6520,1
1599,2
162,2
7151,2
10543,1
235,2
1548,1
2611,0
139,2
856,2
2233,2
18,1
9009,0
1454,1
2627,2
8013,2
235,1
1220,2
8071,2
2772,2
1724,2
1557,0
3111,2
10237,1
2542,2
8867,2
5,1
2363,2
10661,2
1528,2
7044,0
1689,1
803,2
2203,2
2692,0
2504,2
337,0
10409,2
10665,2
8948,2
1481,0
2783,1
10521,2
2237,1
9551,2
1404,1
588,2
2731,2
1302,0
1109,2
197,2
9048,2
2781,1
2128,1
34,2
182,2
762,2
2641,0
1182,1
1676,2
864,2
1470,2
7604,0
456,2
1020,2
3364,2
1707,2
883,2
2684,2
11242,2
834,2
11049,2
2927,2
118,0
1073,1
2421,2
1555,2
6844,2
2521,1
2309,1
1219,1
8316,1
2718,2
620,2
556,2
2025,1
11239,1
10836,2
2222,2
342,2
737,2
10136,2
383,2
1770,2
831,2
2324,1
2943,2
1415,1
8161,2
9376,2
8170,2
10421,2
1349,1
9166,2
2399,2
1644,1
8541,2
2454,2
441,1
11244,1
1308,2
2583,2
273,2
11156,2
223,2
988,1
2096,2
10339,0
911,0
1866,0
8321,1
1488,2
9965,2
310,1
2979,1
55,1
1513,1
2456,0
734,1
163,2
646,0
10018,1
1054,2
154,2
9761,2
471,2
752,2
2441,0
7774,0
994,0
9943,2
1650,2
1398,0
2659,2
1712,1
2643,1
8579,1
2014,1
1328,2
1570,2
2057,2
526,2
9904,2
7032,1
10524,2
389,2
3013,2
2632,2
8537,1
8044,0
2654,2
8011,2
7401,2
6473,1
8575,2
8165,1
2347,2
648,1
1135,2
9684,2
11076,2
2738,1
1454,2
6514,1
1876,1
11292,2
268,1
2665,1
1401,2
7025,0
241,2
2502,2
1964,2
2760,2
9446,0
1561,2
1924,1
832,1
7385,1
8191,2
9309,2
10141,0
3107,2
2636,2
6535,1
7652,1
2482,2
1136,2
840,2
8905,1
7119,2
2670,1
1215,2
2868,2
1598,0
359,2
1690,1
1765,2
2504,2
71,2
1728,1
1642,2
713,0
10722,1
1378,1
1716,2
11252,0
2172,2
6994,2
9845,2
1462,2
7830,2
8609,0
2519,1
435,1
7534,0
1486,1
1976,1
537,2
10851,1
7113,2
3104,1
3230,1
1941,2
187,2
2873,0
1318,2
3341,0
9866,2
1182,2
885,2
1972,2
8088,2
8654,2
7289,2
1403,2
3254,2
2274,2
2465,2
321,1
2523,2
1295,0
2934,2
1345,1
10888,2
6823,1
1088,1
2262,0
955,2
1689,2
2572,2
2688,2
766,2
7359,2
858,2
9915,2
1691,2
7419,1
1509,2
2668,2
981,2
1722,1
2573,2
889,1
7921,2
2302,1
2305,2
10450,2
1176,2
8297,2
10898,1
1572,1
2171,0
10895,2
1752,2
7634,2
7541,2
1035,2
1859,1
7472,2
1041,2
10520,2
8836,2
10603,2
390,2
1935,1
11308,2
2062,2
2162,2
2535,2
436,2
781,2
9225,2
868,1
2689,2
450,2
2512,1
1160,2
11316,2
1577,1
250,2
2237,2
2466,1
2130,2
7322,2
9495,2
833,2
510,2
7474,2
620,2
1251,2
1346,1
1688,2
1427,2
2551,2
2275,2
10453,2
9933,2
8385,2
198,2
2264,2
1355,2
1908,0
2214,0
3294,2
889,2
2649,1
7041,1
1793,2
927,1
1581,1
8982,2
7799,2
9399,2
8335,2
501,2
10765,2
9308,2
1891,2
9837,2
10266,1
9956,2
11245,2
1932,2
7696,0
7116,1
330,1
1663,2
294,2
1917,0
11015,2
7857,0
11173,2
478,2
2033,0
676,2
2016,2
3181,2
8102,0
1055,1
637,2
8410,1
2055,1
550,2
1216,2
7356,2
2260,2
1962,2
2190,1
1930,2
2179,0
9923,2
2401,2
10699,1
2775,2
7285,0
1215,2
1027,2
1109,2
282,2
10730,2
8012,2
706,2
10965,1
7828,1
1418,1
578,2
9931,1
2899,1
10112,0
411,2
1516,1
755,2
7298,2
1861,2
413,2
10391,0
1817,2
232,2
9661,2
7123,2
8375,0
10051,0
6769,1
9466,2
10004,1
10535,0
4,0
2330,1
7527,2
371,2
9902,1
2372,0
1061,0
2167,2
2408,2
929,0
1307,0
238,2
1206,2
10830,2
92,1
1729,2
2741,2
124,1
10132,1
2145,2
1257,2
218,2
322,2
9977,2
6501,1
475,2
2015,0
7396,2
2776,2
8966,2
8594,2
7533,2
2571,2
1830,2
10490,2
9720,2
404,2
7555,0
1147,2
884,2
89,2
36,2
2956,2
1211,2
9791,1
1456,1
1076,2
2941,2
1778,2
8683,1
9069,1
1742,1
1847,2
359,2
7308,1
6829,1
7084,2
2835,2
2555,2
1103,2
2693,0
1177,2
2707,1
2683,2
2740,1
433,2
9693,2
1144,1
11115,2
9541,2
679,2
10297,2
9498,2
9197,1
8816,1
329,2
1366,1
1452,2
2930,1
8967,2
619,2
7106,2
10151,2
7821,2
742,1
9767,2
3433,0
2829,2
9252,2
1842,0
1659,2
2284,1
10247,1
1133,2
10873,2
10498,1
10760,0
1526,2
11071,0
7291,2
3250,1
3263,0
737,2
9475,1
230,0
2297,0
1779,0
1903,1
1264,2
2088,1
7798,2
1479,2
382,2
1401,2
7863,0
2139,2
1492,2
8717,1
1117,0
9015,2
8437,2
500,2
718,2
2877,2
9407,2
9445,2
1498,2
11158,0
6875,1
997,2
1601,2
757,2
8924,2
9350,2
2464,0
635,2
1858,1
2757,2
9157,2
7047,2
9343,1
1321,2
1117,2
1100,2
3401,2
7269,2
2424,2
670,2
9630,2
2682,2
146,2
8454,1
6667,1
148,2
1520,2
303,0
725,2
361,0
65,2
7952,0
1873,1
1016,2
1476,2
225,2
267,2
1146,2
10670,2
10220,2
2733,2
2302,2
11219,2
7694,2
1838,2
8469,2
368,2
86,1
2161,2
2074,2
2171,2
1083,1
9930,2
1823,1
216,2
10223,2
2090,2
749,2
65,0
728,2
1232,2
604,2
419,2
1066,0
9678,2
2010,2
3078,2
1291,1
10065,0
8279,0
2373,2
445,0
951,1
2673,2
2154,1
2271,1
1603,2
2489,2
1338,1
6883,2
2328,2
1188,2
1405,1
9161,2
1715,2
2012,2
1252,2
1071,2
2596,2
9362,2
81,1
11291,2
3227,2
616,1
8122,2
1998,1
2762,2
241,1
7426,1
1988,2
3388,2
8455,2
8292,2
791,2
568,2
1267,1
7266,2
2745,2
7265,2
3184,1
771,0
2045,2
7709,2
10643,1
1608,0
1148,2
17,2
1686,1
10331,2
11041,2
1904,2
2589,1
341,2
1375,1
910,2
1227,2
1002,1
2368,2
501,2
407,0
2437,2
2560,2
8932,2
1179,2
105,0
420,1
11017,2
209,0
7228,1
7328,1
1702,1
347,1
767,2
9770,1
410,2
1014,1
10580,1
609,1
8113,0
11274,1
9512,1
254,2
1777,2
2210,2
10411,1
703,2
1756,2
414,0
201,2
669,1
10676,2
203,2
7279,2
10268,0
8246,2
7967,2
742,2
7803,0
3393,2
7217,2
641,2
2611,0
1710,2
7638,1
1462,2
379,1
11089,2
2652,2
11091,0
1321,2
758,2
1872,2
8595,0
1575,2
2674,2
10079,1
7152,2
1722,2
7273,2
1796,2
2385,0
2341,0
10372,0
220,2
2262,0
3319,2
2656,2
7010,2
2106,2
481,1
9528,2
2500,1
1910,2
881,2
2751,2
2254,2
1126,1
9135,1
10026,2
2118,2
10803,2
153,2
1393,2
1568,2
3012,1
99,2
3279,2
2628,2
1142,2
9523,2
7428,0
2047,1
2366,2
6726,1
1326,2
10493,2
855,2
2228,1
1278,2
409,2
1431,2
2776,1
465,2
8593,2
49,0
1656,0
1224,2
461,1
7894,2
1090,2
1028,2
762,2
7313,2
9224,1
7075,1
2050,2
849,0
900,2
1522,2
730,2
525,2
1956,1
1834,2
9538,1
1974,1
301,2
1885,0
11207,2
7244,2
7804,2
8851,2
7699,2
7052,2
164,2
9390,0
2192,1
822,2
9483,2
490,2
457,2
300,2
3360,2
1635,1
10157,2
7786,2
6872,2
9821,2
1402,2
7518,2
13,2
1380,2
8115,2
2761,1
859,2
7009,1
8565,0
7651,0
1404,0
1222,0
350,0
149,2
8864,1
8908,1
10066,2
7105,2
10752,2
10472,2
1491,0
388,2
2682,2
8078,2
9958,2
2539,2
321,1
7178,2
10218,2
1303,2
10189,1
7079,2
1992,0
7958,2
7654,1
6904,1
1323,2
984,1
3247,2
6588,1
1704,1
9916,2
2788,2
2297,2
1598,2
6623,1
3399,2
1205,2
1196,2
1084,2
937,2
7682,2
9078,2
10958,2
1319,2
699,1
7115,2
2464,1
1700,1
2203,2
8414,2
6980,2
8868,2
1525,0
101,0
832,2
8557,2
8366,2
1317,2
349,2
331,0
2642,0
1650,0
1819,2
1179,1
287,2
1802,1
196,2
8612,1
2581,2
9723,2
1654,2
2091,2
1594,0
8103,2
2321,2
7073,2
7697,2
806,2
2386,1
1144,0
2626,2
2849,2
11061,2
1111,2
8218,2
6878,2
669,2
2615,2
827,0
1208,1
895,0
429,2
7249,1
8805,2
9549,2
8095,0
8184,2
1819,1
9786,2
2292,2
2306,2
8545,2
2550,2
1207,2
9409,2
9437,2
7366,2
8230,2
2442,1
63,2
8451,1
10479,1
1624,1
2695,1
1039,2
2377,2
2125,2
9349,2
683,1
1065,1
1533,2
912,2
1082,2
9255,2
9505,1
2226,2
7492,2
9139,2
719,2
9748,2
2374,2
3126,2
39,0
2558,1
2906,2
2620,1
10857,2
2259,1
2605,2
1634,2
3089,2
8504,1
2668,2
1705,2
114,1
6880,2
8639,2
10380,2
1771,2
8475,2
1564,2
730,2
6960,2
723,2
1377,2
8618,2
7641,2
7254,0
2197,2
2442,2
2723,2
10897,2
598,2
8227,2
1104,0
9291,2
8494,2
1629,1
959,0
2,2
6901,2
3192,2
7235,2
104,2
8889,1
2238,1
10322,2
2343,2
2593,2
2189,1
823,2
3196,0
7160,2
608,2
1103,2
166,1
2168,2
8542,2
7165,0
10373,0
10057,1
8936,2
475,2
1010,2
769,2
2083,2
6871,1
1495,0
7204,1
2342,2
2276,2
958,2
1651,2
2126,0
411,2
3048,2
778,1
1978,2
712,2
3321,2
9656,2
1784,2
10703,2
353,2
1382,2
10368,0
1746,0
749,1
2565,2
9073,2
357,2
7520,1
8854,2
1852,1
9036,1
2088,2
2428,2
8635,2
402,2
2175,2
41,1
2506,2
55,1
1265,2
494,1
1764,2
2027,2
359,1
1006,2
281,2
1875,2
1994,2
2925,2
1857,2
1587,2
2765,1
560,0
761,2
8559,2
8164,0
1005,1
2386,2
2282,0
61,2
1219,2
2629,2
2081,2
900,1
3213,2
1738,2
2862,2
6898,1
2062,1
938,1
70,2
8116,2
2502,0
10125,2
11232,2
147,2
2293,1
2149,2
2654,2
817,1
10264,1
2317,2
9524,1
10500,2
2548,2
43,2
612,2
8406,2
1096,2
3005,2
7992,2
274,2
2909,2
7303,2
1790,2
623,1
2170,2
9639,2
2706,2
1995,2
3137,2
8869,2
1483,2
603,0
7833,2
7146,0
1720,1
600,2
1692,1
716,1
1292,2
504,2
199,2
1945,2
1309,2
547,2
1367,2
10451,2
9982,2
1209,2
1245,1
8226,1
2383,1
1151,2
286,2
1969,2
8691,2
10662,2
2837,1
10601,2
170,2
1889,2
6774,1
3079,2
70,2
9378,2
7484,2
8911,2
2162,1
1955,2
489,2
1302,2
1408,2
662,2
1820,0
1867,2
7508,2
8793,1
665,2
2681,0
491,2
8042,0
8920,1
1588,2
1746,2
3115,1
9313,2
172,2
987,2
7946,2
1600,2
2876,0
854,2
8784,2
812,2
2038,2
2270,2
2469,2
2008,2
8795,2
7455,2
1626,0
1571,2
8309,2
8874,2
9456,2
2135,2
1763,2
7481,2
6817,2
551,2
10444,2
504,2
7342,2
9421,2
2501,2
8068,1
7020,2
140,2
10972,2
2238,2
1400,2
9126,1
3120,2
7797,2
867,2
1996,2
9237,1
6961,2
167,2
2229,2
8591,2
7062,0
1565,2
2554,2
2559,1
10107,2
550,2
9666,2
2608,2
959,0
829,2
2644,2
9317,1
1123,2
3049,2
666,0
2003,2
7855,2
1887,0
2366,0
1285,1
8133,2
2207,2
2247,1
11307,2
2041,2
487,2
8183,1
11302,2
134,2
9138,1
995,2
1567,2
677,2
520,0
223,0
422,2
8916,2
10884,2
1283,0
1848,2
2246,0
11069,2
8538,2
908,2
1929,2
10984,2
7959,1
1801,0
757,2
1193,2
2499,2
516,2
152,0
2952,1
1247,2
2638,1
8989,2
8269,2
9737,1
2657,1
7753,2
1225,2
8954,2
191,0
2227,0
2759,1
1286,2
976,0
1118,1
9804,1
2768,2
2675,0
920,1
1353,2
10639,2
3200,2
1897,1
840,2
2364,2
2827,2
211,2
931,2
11176,2
6859,1
1154,2
2749,2
208,2
7941,1
1356,1
602,2
2392,2
2445,2
1298,2
8140,2
10847,2
8422,2
417,2
1646,2
2538,2
3264,2
2587,1
8943,0
3332,2
550,2
2569,1
11007,2
1233,0
1983,2
323,2
11200,1
1786,2
2460,2
712,0
969,0
652,0
15,2
1577,2
1948,0
2176,2
959,2
9468,2
999,2
2148,2
2921,2
2021,2
1697,2
649,2
9442,2
953,2
1420,2
8769,2
1710,1
1426,2
535,1
8125,2
1990,2
2142,2
1072,2
1352,1
10304,2
631,2
9279,2
553,0
638,2
2715,0
10791,2
1678,0
1469,2
1112,2
9266,2
9477,2
2869,2
9030,1
1239,1
1512,2
1023,1
10053,2
992,2
10907,1
1149,2
9616,2
666,2
10570,2
7239,2
6874,2
588,0
146,2
802,1
887,1
1484,2
2631,1
8853,1
8306,2
3281,2
230,1
11189,2
48,1
7048,2
7452,2
2944,2
2729,2
8657,0
8822,2
1955,2
9232,2
2655,2
3372,2
1027,2
1688,2
10801,2
595,2
3481,0
1251,2
7892,2
1342,0
2129,2
9651,2
2769,0
1226,0
29,2
1860,2
10275,2
979,2
11042,1
1596,2
9543,0
1680,1
888,2
2718,2
1404,2
920,1
8404,2
7194,0
7349,1
1239,2
2404,2
1089,2
7407,2
2738,2
9386,0
2492,2
433,2
28,1
1824,1
2926,1
923,0
9019,1
2083,2
3359,2
6,2
10978,2
1553,0
9,1
3237,2
171,2
8286,2
9159,1
10614,2
400,2
448,2
1683,2
2331,2
11126,2
1865,2
193,2
11154,2
1253,2
8389,2
317,1
10562,2
9353,0
9952,2
1132,2
2505,0
532,0
9347,2
259,2
2301,0
2390,1
1969,2
1971,2
412,1
2525,2
634,2
6868,2
1293,2
9997,2
2602,2
7545,0
10740,2
7862,1
6445,1
773,2
1356,2
178,2
1843,1
10917,2
8131,1
10788,2
1312,2
2357,2
655,2
417,2
9118,2
7129,2
2082,2
619,2
3316,2
10150,1
1998,2
1152,1
1585,2
1428,1
9329,2
11032,1
10558,2
8317,1
7274,2
2365,0
3199,2
1370,2
8251,0
216,2
868,1
10386,1
1050,2
1255,2
927,2
7669,0
2459,2
2063,2
2425,2
1365,1
11235,0
1183,2
7517,2
8041,1
2467,2
9454,2
8492,2
23,2
1695,2
7783,2
8838,1
2987,1
10607,2
7575,2
1306,2
684,2
291,2
7307,2
177,1
1740,1
2874,2
8361,2
7777,0
853,2
2343,2
9082,0
9297,1
9950,2
10650,2
289,1
2667,2
621,2
10128,0
1389,2
7078,2
1580,2
9067,2
9012,0
8239,2
687,2
1887,2
44,2
597,1
7163,0
417,2
2122,0
2566,2
997,2
1727,2
2026,0
2366,2
1808,1
10941,2
2336,2
967,2
2621,2
7868,2
1814,2
8643,1
9801,1
7107,2
1410,2
989,1
8555,0
3271,2
1394,2
8738,2
615,2
807,2
2515,0
8482,2
2689,2
11052,2
1030,2
289,2
1591,1
8496,1
1556,2
2224,0
8833,1
744,1
2195,2
2520,2
854,1
141,2
9785,2
2419,0
1803,2
1699,2
1943,2
945,0
9773,2
2455,2
8307,2
304,2
9411,1
770,2
11040,1
7571,0
518,2
9919,0
1327,0
332,2
8649,2
1225,2
7644,2
699,2
1014,2
2549,2
2125,1
22,2
2732,1
3302,2
7058,1
962,1
10061,0
9306,2
1987,2
2508,1
3385,2
7053,0
7395,1
2789,2
862,2
425,2
1768,2
3055,0
1842,2
2705,2
10430,2
11065,2
7779,2
1056,2
721,1
8863,2
8134,1
3390,2
2629,2
10210,1
1071,2
2737,2
23,2
11294,2
2664,2
910,2
9125,2
812,1
8951,2
2516,2
7625,2
1174,1
1545,1
826,2
1417,2
3206,1
8807,2
8119,1
9462,2
455,2
7851,2
1927,2
1531,2
2880,2
238,2
1128,0
872,0
8813,2
791,1
2722,2
514,2
10104,0
7432,2
9151,2
9094,2
10530,2
1409,2
9006,2
1230,2
10987,2
114,2
7110,2
10145,0
8871,2
8090,2
2747,0
9947,2
912,2
849,2
1421,2
2453,2
460,2
2093,2
2428,2
11230,2
11300,0
3,2
1507,2
2820,2
1183,2
1257,0
912,0
649,2
8374,0
1717,0
213,2
1149,2
7563,2
2326,2
9620,1
11288,2
2213,2
2818,2
11159,2
8211,2
7599,2
9286,2
1839,2
7927,2
6942,2
1882,1
2452,2
10975,2
8150,0
1256,2
7480,2
10937,0
8566,2
441,2
10160,2
10400,2
7148,2
940,1
3009,1
864,2
1634,1
184,2
1177,2
163,1
2135,2
2462,2
45,2
522,0
1731,2
495,1
9331,1
2073,1
2046,2
2598,2
7595,2
645,2
2625,2
2454,2
2716,0
8436,0
9115,1
1044,2
360,2
7891,2
257,1
2063,2
9312,2
466,1
6966,2
10336,2
331,0
10505,2
7268,1
489,2
2130,2
2084,1
1584,1
917,2
490,2
9619,2
624,2
1841,0
168,1
9885,1
1700,2
505,0
3092,2
1333,1
2148,2
8980,2
668,2
2406,1
2001,0
2115,2
1276,0
10010,2
1971,1
2775,2
399,2
2190,0
7232,2
1989,2
11,1
2161,2
9223,2
1851,0
725,0
2400,1
8512,2
3003,2
8622,2
974,1
2579,0
9410,2
1105,2
10654,0
2599,2
8873,1
11124,0
2758,2
1641,1
2541,1
643,1
9196,2
8072,2
1944,2
11179,2
7191,1
1661,2
2290,1
7922,1
11004,2
1720,2
965,0
462,2
261,2
615,2
10692,2
10096,2
3014,1
1737,2
161,2
1557,2
2497,2
805,2
7193,2
10328,2
909,2
1963,2
2288,2
2709,2
2561,2
10914,1
1637,2
7996,2
156,2
1928,0
2094,2
527,1
10185,2
140,1
509,2
726,2
1226,2
1657,2
573,2
270,2
1029,2
2131,0
7564,2
9702,0
1832,1
1614,2
7489,2
1496,0
8659,0
2684,2
1982,2
978,1
8483,1
1373,0
2607,2
559,2
9500,2
9833,0
2325,2
2319,1
107,2
2123,2
1260,2
244,2
1369,1
7382,2
1687,2
2446,2
2397,0
2365,1
2378,2
2382,2
2119,1
7441,2
2855,2
10736,0
9536,2
1707,1
2121,2
1020,1
1332,2
8503,2
6827,1
2375,2
1367,2
10999,2
11167,1
1544,2
2653,2
3022,2
3386,2
10256,2
7722,0
23,1
1780,0
1200,2
1253,0
3029,1
8583,2
1291,1
7812,1
7573,2
1616,2
1610,2
955,2
10675,2
1511,1
2350,2
1087,2
790,2
1748,0
1903,0
67,2
1416,2
2431,2
8850,0
2054,2
2448,2
1051,2
1789,0
2092,0
1565,2
315,2
95,1
1667,2
1682,2
8415,2
6979,1
2503,2
9061,2
3096,2
7997,1
1430,1
7104,2
7008,2
2175,2
1443,1
3308,2
728,2
1526,2
95,2
2196,2
2783,1
464,2
591,0
824,2
10091,2
504,2
1070,2
10939,2
10353,2
8781,2
2417,2
1300,0
8799,2
2009,1
950,2
2676,2
11143,2
1191,2
1705,2
8500,2
2541,2
1428,2
1390,2
7314,2
1476,2
7089,1
1888,2
3040,2
3272,0
1141,1
8788,2
1932,2
7624,2
557,2
8513,2
9813,1
2905,1
2388,2
7537,2
1038,2
862,2
10636,1
1099,2
2651,2
2016,2
7656,1
2029,2
2608,2
1359,2
2813,2
8331,2
7791,2
396,2
1785,2
933,1
7677,2
7566,1
8556,1
2479,2
7278,2
3062,2
1557,2
6851,2
3338,2
661,2
2396,1
2733,0
253,2
1338,2
8586,1
10624,2
2660,1
1490,2
1911,2
2026,2
1379,1
11225,2
742,1
2543,2
748,2
10357,2
2449,2
330,1
1739,0
8673,1
320,2
263,2
7498,1
2145,2
1957,2
509,2
1078,1
10329,2
7275,2
650,2
1787,2
811,2
1475,2
759,2
1541,1
7836,1
574,2
10927,2
960,0
922,2
2783,2
961,2
8435,1
711,2
2137,2
10069,2
198,2
1809,1
94,1
10893,2
2786,2
9909,2
2075,0
7900,2
2981,0
2766,2
2187,2
2465,2
106,1
1468,2
9056,2
2834,2
9880,2
3085,2
1352,2
316,2
1521,2
8259,2
1259,1
3370,2
851,2
11068,0
10525,0
1599,2
9911,2
687,2
854,2
10135,2
531,1
3093,1
2743,0
11273,2
3139,2
2555,1
3155,2
2018,2
793,1
738,1
1344,2
11205,2
11237,2
3131,2
1883,1
555,2
2505,2
903,0
8441,2
471,2
10027,2
1638,2
11198,2
7127,2
3016,1
2438,0
1450,2
7080,2
1498,2
11258,0
8978,2
698,0
8030,1
7137,2
846,1
9457,2
10908,2
795,2
1775,1
2103,2
1762,2
3344,2
947,1
2200,2
7083,2
7950,1
1007,2
10993,1
11311,2
7215,2
1892,1
8208,2
629,2
9727,2
83,1
10081,2
7554,2
1442,1
8419,2
1567,2
2006,2
457,2
842,1
343,0
7673,2
958,2
10246,0
1895,0
7367,1
9124,2
37,1
3179,2
258,1
10396,2
482,2
9972,2
1500,2
564,0
8845,1
381,2
600,1
8667,2
8333,2
970,2
7616,2
2101,2
196,2
8685,2
1419,2
2666,2
752,2
7176,2
1119,2
10994,2
1363,2
10021,2
10713,2
8770,2
2405,2
1455,2
2349,0
7869,1
697,2
103,1
7184,2
8922,2
7086,1
2435,1
307,0
8535,2
2274,2
2289,2
2503,1
871,0
7661,2
743,2
1900,1
8192,2
2218,2
10366,2
1343,1
3025,2
8117,2
1002,2
444,2
1188,2
1059,2
589,2
11317,1
9490,1
2337,1
1319,1
8384,2
3354,2
1988,2
2044,2
1538,1
8221,2
378,2
7552,1
445,2
6940,1
1362,2
426,2
8031,2
784,2
2207,0
209,1
2792,2
1534,2
9570,2
2350,2
87,2
204,2
2377,2
7506,2
10966,2
2345,2
2729,2
9670,2
3001,0
2192,2
2210,1
348,0
1249,0
9768,2
9730,2
9530,2
2399,2
2061,1
1133,2
2218,1
1453,1
1907,1
10998,2
2120,2
2414,0
2370,1
1702,2
3060,2
9294,1
705,2
1410,1
1616,2
968,2
9430,2
10831,2
2639,2
9282,1
889,2
1145,1
821,2
2338,0
7245,2
9642,2
2028,2
714,2
204,1
1553,2
2342,2
2975,2
7372,2
957,1
792,2
569,2
8627,2
1995,2
3326,2
1888,1
6754,1
456,2
835,2
3095,1
11228,2
243,2
1757,2
1148,2
2322,2
11038,1
2534,2
1098,2
2117,2
2327,1
477,2
7854,0
1987,2
2127,2
10337,2
229,1
9589,2
1147,2
900,2
1791,2
8305,2
7195,1
1092,2
1197,2
518,0
86,0
7817,2
3071,2
1198,2
8910,0
7476,2
8252,2
797,1
8712,2
2745,1
327,2
7186,2
7918,1
2389,2
3183,2
194,0
1941,2
10477,0
7815,2
135,2
1441,2
2058,2
6900,2
1896,2
2440,1
494,2
11151,1
2058,2
2955,2
8393,2
10929,0
906,2
2816,2
294,0
584,2
72,2
1448,2
1890,2
758,2
8985,2
1621,0
2838,2
2671,2
10395,1
1580,2
10302,1
10728,2
8446,2
1221,1
8665,0
2374,2
2346,2
8054,2
2513,2
10704,2
10130,2
3309,2
2840,2
2131,0
1900,1
7397,2
1174,2
7309,2
9074,1
1873,2
7897,2
266,2
10072,1
9219,2
7142,2
1296,2
8520,2
10180,2
491,2
2622,2
2106,2
1757,2
1709,2
8315,2
1801,2
8580,2
2761,2
2085,1
1395,2
402,1
405,2
885,2
10325,1
2696,0
467,2
8079,1
907,2
1967,1
1169,2
2347,2
18,2
11025,2
10387,2
777,2
1647,1
24,2
1786,1
922,2
2578,2
113,1
3351,2
9247,2
7147,1
525,2
1607,2
1626,0
10891,0
2262,2
9033,2
1237,2
10230,0
1966,2
1153,2
8378,2
135,0
7180,2
147,1
665,1
1097,2
9896,2
10238,2
1920,2
10171,2
2113,2
805,1
2295,2
1172,2
1110,2
8861,2
11305,2
9102,2
2538,2
11182,2
10921,2
1613,2
954,0
1533,0
2514,2
10854,0
8481,1
1480,2
416,1
609,2
2082,2
2985,2
9580,1
10693,2
2630,0
3136,2
859,2
455,1
2319,2
1812,2
9290,2
9985,1
8847,2
941,2
313,2
2151,2
1921,2
1277,2
2085,2
423,0
2342,1
2146,2
2719,2
2728,2
2182,2
2510,2
3296,2
9374,1
10832,2
1189,2
1469,2
9924,1
1831,2
3204,2
684,0
8347,1
8748,2
185,1
1570,2
10348,0
3138,2
702,0
11145,2
9884,1
225,2
9491,1
2033,2
715,2
8127,0
1884,2
1946,2
2604,2
2966,2
8752,0
10491,1
1025,2
567,1
498,2
8199,2
1480,2
1781,2
77,0
2372,0
1484,2
785,0
34,1
10108,2
8666,2
7424,0
560,1
2298,0
791,1
2740,2
9369,2
133,2
8834,2
943,2
1990,2
796,2
9406,2
2093,2
708,0
17,0
2402,2
7400,2
2488,1
11039,2
9165,2
8101,1
2953,2
2556,2
1544,2
1675,2
1137,2
9603,2
10584,2
1145,2
876,1
1209,2
9066,0
2413,2
2260,2
8756,2
2403,2
31,2
1214,0
605,2
10858,2
57,2
1909,2
10426,1
53,2
2980,0
2335,2
2692,2
6687,1
227,2
1121,2
11006,2
2314,2
2493,2
9826,1
378,2
476,0
801,1
10046,2
10768,2
2886,0
1563,2
1236,0
2564,2
827,2
8866,0
2617,1
10754,2
2413,2
2894,0
1452,2
6849,1
661,0
204,2
979,2
10744,2
693,0
9765,1
1043,1
7224,2
402,2
1660,2
2722,2
808,2
2612,2
2032,2
702,2
2373,2
9793,2
9396,1
2481,2
9450,1
1445,2
647,0
2048,2
3178,2
9391,2
461,1
2592,2
9417,2
1140,0
9397,2
2307,1
1187,2
2167,2
2740,2
1279,2
8320,2
10333,0
7031,2
1854,2
2296,2
1961,2
2572,1
3297,2
340,2
2585,1
8957,2
10042,2
7781,2
326,2
387,2
8387,1
1868,2
9903,2
7475,1
3210,0
2228,2
842,1
8825,1
1929,2
2373,2
11322,2
2699,1
909,0
785,2
736,2
10257,2
990,1
944,2
210,1
2188,2
6884,2
1788,2
242,2
1741,2
1634,1
644,2
10106,2
3292,2
1423,1
2705,2
7582,2
1997,1
2134,2
10389,0
2917,1
157,2
1151,1
2434,2
8413,2
2037,1
841,1
9552,2
82,1
10943,0
7911,2
7684,2
165,2
9961,2
2647,2
52,2
9922,2
810,2
7853,2
7118,2
526,2
1287,0
1351,2
2446,0
623,2
8074,2
1987,1
2339,2
2703,2
10117,2
2104,2
2008,2
9400,2
2121,2
2029,2
236,2
1372,2
6919,2
10416,2
1315,0
973,2
2543,2
2618,2
431,1
1807,2
10003,2
1743,0
9095,2
6840,2
789,1
211,1
7188,1
11139,2
3152,2
181,1
10115,2
1054,2
10755,2
1925,2
2648,2
8206,2
3219,1
2181,2
9117,2
2786,2
9046,0
8096,2
10174,1
1539,2
914,2
352,2
3027,2
732,2
10931,2
9191,2
7253,2
2389,2
969,1
2861,1
611,1
534,2
2824,2
2356,2
8577,1
1673,2
2367,2
8679,1
2064,1
556,2
376,0
1939,1
308,0
2679,2
924,2
7198,2
8973,2
3128,2
2445,2
6779,1
159,1
637,2
3257,2
9585,2
753,0
7811,0
1735,2
405,2
10440,2
508,2
8531,1
7233,1
219,2
9990,2
1295,2
1017,2
10625,2
180,2
9478,2
7577,2
875,0
10211,2
10082,0
19,2
2079,1
2571,2
2426,2
1927,2
9360,2
10245,2
10990,2
2239,1
487,2
8603,2
1424,2
7993,2
1115,1
327,2
1836,2
2562,0
1923,1
10741,2
2774,2
1347,2
8970,2
9763,1
1767,1
175,2
2686,1
1903,2
1094,1
7461,2
9449,2
464,2
205,0
636,2
9775,1
886,2
7733,2
318,2
83,2
1108,2
1688,1
2248,2
1779,2
328,0
1857,2
8070,2
137,2
1530,2
500,2
1962,2
3499,0
3116,2
10407,2
10817,2
468,0
671,2
2640,0
1212,1
2748,2
1463,2
1521,1
69,2
2340,0
1069,2
1985,1
8017,2
706,2
6731,1
1838,2
7794,2
552,2
1945,2
2381,0
1607,2
8767,2
6604,1
9798,2
1823,2
9758,1
1288,0
11096,2
2750,2
2056,0
10261,2
3102,2
2698,2
10062,2
2585,0
552,0
6885,2
8655,2
1368,2
10126,2
11106,0
10143,2
9805,1
420,2
1758,1
8904,1
9254,2
8439,2
239,2
494,1
7748,2
1486,2
255,2
2146,2
1837,1
1143,2
1402,2
2690,1
1632,1
9334,2
1668,2
1242,0
1271,2
2712,2
469,0
2328,2
2546,2
8359,1
10166,0
1731,0
9659,2
3101,2
7773,2
2233,2
2164,2
10429,2
3337,2
8000,2
1752,2
754,0
1619,2
8682,2
7380,1
10849,0
2078,2
8037,2
1073,2
1295,2
694,1
392,2
1508,2
3091,1
7875,2
8401,0
10593,2
8755,2
1297,2
8098,1
419,2
9581,0
2670,2
10202,1
1972,2
1684,2
793,1
2158,2
2204,2
1150,2
10067,2
1113,2
126,1
746,2
975,2
1563,2
2422,1
674,2
665,1
124,2
2621,2
7871,2
2068,2
2711,2
3088,2
2217,2
2643,2
334,2
217,2
145,0
1199,2
7685,0
52,0
1052,1
2613,2
10017,2
10687,2
633,2
783,2
1546,1
195,0
2777,2
7261,2
10678,2
704,2
195,0
1970,2
10695,2
9894,2
754,2
985,1
8621,1
2672,2
1847,2
2801,2
1145,1
8028,0
173,2
1227,1
603,1
1626,2
582,2
753,2
9962,2
1294,1
2259,2
7514,1
1930,1
8880,2
7139,2
1097,0
1399,2
1750,2
3259,2
10159,2
2181,2
8783,1
290,2
1611,2
554,0
1053,2
7646,2
9891,1
2606,1
6847,2
1092,2
1869,2
1005,2
1414,2
10376,1
1877,2
993,2
11257,2
3299,2
587,2
1725,2
1299,2
1494,1
207,2
2102,0
1471,2
1480,2
1724,2
1786,2
1357,2
215,2
2473,2
7504,0
1698,1
468,2
2657,2
10549,2
2785,1
635,2
8765,2
7016,2
2051,2
1292,2
845,2
794,2
40,2
1415,1
2105,1
540,1
2246,1
2532,2
1275,1
1099,2
8700,2
1766,0
10332,0
8913,2
2464,2
733,2
1263,1
7168,2
1681,0
756,2
1075,0
1696,1
2245,2
745,2
10466,1
7623,2
647,0
8553,2
2241,2
693,1
1213,2
675,2
2147,2
1215,1
453,2
8893,0
314,1
2770,2
927,1
2974,1
9886,2
1814,1
7479,2
1532,2
7153,1
9229,1
2947,1
589,1
1763,2
2100,2
1583,2
1088,2
1527,0
10158,2
7112,2
2038,2
288,2
264,0
60,2
870,2
1843,2
7816,0
1764,2
1970,0
443,2
871,2
2741,1
2497,1
109,2
2520,2
2973,2
1959,2
119,2
497,2
983,2
10515,1
2757,2
7943,1
1701,0
790,1
2128,1
977,1
1682,2
1437,1
7633,2
1031,2
11281,2
2532,2
533,2
782,2
7501,2
1348,2
1778,2
7572,2
6954,2
7,2
1816,2
310,2
298,1
129,1
10013,0
8923,2
1095,2
96,2
723,2
2264,2
8050,2
7674,2
1077,1
1182,0
7602,1
2427,2
8662,2
11157,2
9000,2
10841,2
354,2
2937,2
7678,1
10731,1
7394,2
10512,2
2700,2
9018,2
2575,2
9572,1
2351,1
1141,2
3491,0
814,2
2768,1
2225,2
7658,2
2172,2
2639,2
368,2
2610,1
1061,2
1737,2
9283,2
2494,1
10572,1
9212,2
160,2
353,0
127,2
1659,0
3028,1
119,2
730,2
1512,1
1083,1
1348,2
1334,1
298,2
10340,0
11031,2
2010,1
1743,1
1859,2
9657,2
530,2
2546,0
11023,2
130,2
8236,0
2638,1
1797,2
191,1
2565,2
10519,2
309,1
2229,1
1306,2
9037,2
599,2
1474,2
174,2
818,0
1639,2
129,2
1237,2
1161,2
2603,2
8671,2
9591,1
2556,2
2108,2
641,2
1750,2
37,2
9113,2
861,2
2715,1
664,0
10852,2
2229,2
7482,2
222,0
1050,2
169,2
9998,1
2931,2
8759,2
9509,2
7346,0
3325,2
363,2
2054,0
671,1
1824,1
419,2
2775,1
7234,2
1633,2
6853,1
2193,2
1313,2
858,0
10556,1
1329,1
2743,1
3173,2
1013,2
2449,0
202,2
3218,2
10419,0
507,2
7450,2
1171,2
1885,1
2174,2
9778,2
510,2
2588,2
2751,2
974,2
8818,2
393,1
1631,1
7522,2
10531,2
1547,2
9488,2
8839,2
725,2
7381,2
1817,2
11,1
10369,2
2474,2
8768,0
2200,1
9310,2
439,1
404,2
8452,2
10335,0
9877,2
2703,1
7565,1
7088,2
2431,1
1021,2
3072,2
9289,1
10596,1
2526,2
1493,2
837,2
853,2
934,2
90,2
7038,2
8876,2
10432,2
1328,1
211,2
118,2
11000,2
1255,1
3118,2
493,2
1679,2
6593,1
9467,2
2175,0
492,2
2736,1
881,2
1942,0
1412,1
2199,2
9566,2
322,2
9381,2
694,2
1933,2
10154,2
2234,2
2923,2
8344,2
2810,2
8961,2
8746,0
719,1
1381,0
214,2
2124,2
11155,1
435,2
10777,2
2613,2
10739,2
1862,2
9209,2
517,2
1459,1
824,1
8731,2
2257,2
2669,2
2248,0
276,2
1842,2
507,2
11293,0
1001,2
1085,2
1081,0
707,0
9088,1
2368,2
6824,2
8493,2
904,0
11282,1
763,1
2852,2
1294,2
2968,1
2236,1
712,2
2746,2
1685,2
11087,2
2159,2
1835,2
9,0
320,2
7208,0
9874,2
10043,1
261,0
1566,2
2604,2
2429,2
9611,2
1783,2
10127,2
7513,1
1808,0
10948,2
7765,2
9883,2
10640,1
585,2
2108,2
107,2
7934,2
2041,2
1640,2
696,2
13,2
2353,2
876,2
16,0
9160,2
1041,2
469,2
2334,2
9377,0
2349,1
10388,2
51,2
10403,2
8841,0
8477,2
1012,2
2699,2
807,2
1039,2
264,2
9100,2
2147,0
1376,2
2107,2
541,2
11001,2
8381,2
340,0
9234,1
1965,2
8205,2
1045,2
2235,2
2155,2
2094,2
1512,1
442,2
293,1
9780,1
10824,2
364,2
2544,1
2078,0
2770,2
9481,1
2291,2
894,2
2490,2
2660,1
7209,2
7131,2
2851,2
8190,0
976,2
7935,1
817,1
8532,1
634,2
396,2
1926,1
9249,1
809,0
458,1
1078,1
1849,0
732,1
2269,2
9089,2
1205,2
1921,2
1716,2
1021,2
7609,1
2450,2
1107,2
9995,1
2528,2
7339,2
6905,2
994,0
9721,2
1008,2
682,2
10041,0
7864,1
2762,1
1317,2
1153,2
8703,2
245,2
1154,2
9944,2
2516,0
531,2
1459,1
9825,0
8421,2
1166,2
7681,2
9275,2
7272,1
126,0
1518,0
7704,2
2350,2
2684,2
1853,2
9332,2
11192,2
1340,2
2440,2
9797,2
1508,2
2667,2
10950,2
1924,2
21,1
8036,2
269,1
2364,1
1845,2
8348,1
10501,2
905,2
670,1
292,2
10563,2
9996,2
1993,2
2234,2
1580,1
2282,2
7973,2
655,2
1677,0
8925,2
1540,0
7908,1
9508,2
1334,1
9847,2
8820,2
1504,0
2077,2
1813,2
841,2
7813,0
1885,2
542,2
8034,2
1054,2
946,2
1096,2
10172,1
490,2
8995,2
7250,0
1573,1
10474,2
2537,2
8425,0
1973,2
1745,1
1464,2
1645,1
8209,2
788,2
179,2
1307,2
982,2
7989,1
1547,2
1850,2
7793,2
729,2
9696,0
7172,2
10761,1
462,1
1463,1
10546,2
3373,2
2199,2
2551,2
9054,2
8146,2
8231,2
2756,2
7618,1
10,2
2965,2
374,1
65,1
628,2
1184,2
1914,2
897,2
10673,2
10974,2
2560,2
2392,1
2227,2
1266,2
9872,2
9303,2
7568,2
415,2
2607,2
7064,2
7953,2
174,1
2284,1
9486,2
395,2
1435,0
8472,0
586,2
821,1
1981,2
9803,2
1504,1
1612,2
2157,2
399,2
2531,0
1443,0
1107,2
2311,2
9262,2
8255,0
234,2
8322,1
2550,2
7205,1
296,2
890,1
7117,0
724,1
8257,1
726,2
10809,1
6906,2
320,0
410,2
9844,1
7362,2
2395,1
6946,2
1143,1
1231,2
2723,0
1293,1
11166,1
369,2
1985,2
1876,2
2275,2
7806,1
2031,2
2463,2
1430,1
7243,2
2281,2
6706,1
2403,2
7872,2
9065,2
3194,1
1238,1
311,1
1200,2
10371,0
6941,2
2214,2
2393,2
1391,2
2212,0
1597,1
10696,2
1996,2
8395,0
2164,2
521,2
1878,2
354,2
2426,2
2522,2
323,2
2624,2
8938,2
1854,2
11301,2
9980,1
1142,2
9464,2
3502,0
1878,0
1294,2
1952,2
8461,0
242,2
8887,2
418,1
1221,1
2809,2
10281,0
9057,2
2413,2
10746,1
282,2
6893,2
9207,1
2794,2
10566,2
1955,1
8428,2
8080,0
1131,2
10621,2
3123,0
983,2
1144,2
1060,1
1311,1
2326,0
7569,1
2737,2
1549,2
7317,0
1940,1
3253,1
7453,2
967,2
11306,0
10668,2
1229,1
572,1
1111,2
1910,2
10448,2
7736,2
1066,0
9501,0
8416,2
1865,2
2936,2
10542,2
2040,2
8121,2
8166,2
19,2
10560,2
901,2
818,2
117,1
8526,1
2488,2
3295,2
700,2
941,1
10291,2
2039,2
750,2
9605,1
8672,2
1977,2
335,1
7039,2
10181,2
346,1
2443,2
6523,1
1852,2
416,2
1179,0
1920,2
2713,2
1644,2
772,2
32,2
1422,1
3073,2
2187,0
567,2
9211,2
2978,1
2291,2
2432,2
2081,2
8,2
796,2
761,0
2470,2
8543,2
3329,2
10478,2
6892,2
10475,2
1042,2
2939,1
887,1
2281,2
9856,1
181,1
1766,2
1884,2
1273,0
8949,2
2511,1
10964,1
229,2
1821,1
1407,2
1053,2
1784,0
2378,2
1922,0
598,1
7972,0
780,0
11,2
1399,2
613,2
1435,2
9298,2
529,2
7976,2
199,2
24,2
1710,2
2412,2
3235,1
2867,2
14,2
577,1
1844,1
9525,1
1789,2
9755,1
2020,2
9646,2
1831,2
6978,2
2536,0
8290,2
1614,2
1383,2
3008,2
3180,1
2286,2
2455,2
8896,2
7576,2
1989,2
1124,1
8723,0
2574,2
1559,2
975,2
9221,0
8885,2
7590,2
2992,2
1576,1
3103,1
1012,2
2086,0
779,0
8628,0
760,2
310,1
904,2
1771,2
773,2
826,1
1397,2
2040,1
8758,2
1380,2
2600,2
8994,0
1403,2
1571,2
9889,2
1312,2
2302,1
401,1
740,2
592,1
144,2
159,2
8181,2
3033,2
7021,0
527,2
7562,2
377,2
1203,2
1925,2
1904,2
6976,2
7727,2
1693,1
9592,1
73,2
10341,2
9627,2
7444,2
1286,2
1018,2
11085,2
579,0
85,2
2444,2
11160,2
8950,1
9511,2
1848,2
11226,2
293,1
11064,2
2671,2
2845,2
2173,2
1143,2
489,2
2588,2
2320,2
1674,2
2693,2
10707,2
2012,2
8487,2
2655,2
698,1
766,2
7630,1
831,2
6837,2
798,1
1916,2
14,2
878,2
15,2
565,2
9316,2
2634,1
8740,0
2617,0
516,2
1954,2
1870,2
11193,2
1691,2
2782,2
10436,1
10633,1
11224,1
1174,2
20,1
9344,2
1867,2
2561,1
1596,0
3220,1
9203,1
11208,2
10204,2
36,2
2335,1
2320,2
973,2
361,1
189,2
8249,0
996,2
2739,2
1619,2
525,2
710,1
2832,2
2543,2
10945,2
8835,2
2095,0
1570,1
2219,1
8144,2
8940,2
2637,0
766,0
1086,1
2529,2
9474,2
963,1
11196,2
1200,2
2218,2
2391,1
873,2
240,2
10394,1
4,2
768,1
8016,2
800,2
948,1
2075,0
1757,2
1290,2
2858,2
8786,1
2769,2
956,1
9614,2
3021,2
1503,2
1847,2
236,2
10497,2
10799,2
2249,2
7698,2
1566,2
9981,1
10306,0
3045,2
2444,1
6848,2
1849,2
1628,2
407,2
907,2
8158,2
1608,2
11002,0
3174,2
209,1
562,2
1300,2
7969,2
2665,0
661,2
8984,2
287,1
10800,1
2330,2
10232,2
1621,1
2649,2
1374,2
8900,0
1548,2
10120,2
3143,2
11265,2
2030,1
9394,2
1582,2
607,2
9679,1
8332,2
2107,1
356,1
6870,2
8329,0
10905,2
22,2
643,1
1472,2
859,1
2393,2
11270,2
1185,1
9152,1
1918,2
1017,0
1901,1
2490,2
104,0
1667,0
891,2
8945,2
9108,1
2197,2
3105,1
1233,2
7531,1
1642,2
1118,2
7364,2
9520,2
3358,2
153,2
2697,2
58,2
9226,0
1592,1
9204,2
1863,2
681,0
11112,2
1773,2
10277,2
1623,0
3059,2
2237,2
1573,2
915,2
8327,0
1292,2
1301,2
936,1
2171,0
2398,2
1202,1
7375,2
2564,0
2779,2
2114,2
1501,1
6825,2
1424,2
7692,2
1956,2
473,2
456,2
8084,2
2568,2
1807,1
46,2
11129,2
2945,2
7111,2
1223,1
1213,2
9830,2
6895,2
1384,0
1934,1
2552,1
1341,2
1997,0
425,2
10612,2
7494,2
2068,2
9188,0
9531,2
2593,1
520,1
2749,2
2158,2
2247,0
8546,2
275,2
10486,2
7987,1
9652,0
2782,2
10721,1
8106,1
2332,0
2133,2
2678,2
2283,2
2760,1
7984,2
748,2
7712,2
1978,2
983,2
9022,0
7648,1
10956,2
10068,0
7901,2
1506,0
1528,2
11220,2
8875,0
1384,2
9333,2
1523,2
2971,2
8589,2
7167,2
1928,2
2153,1
9002,1
7478,2
2057,1
2455,1
11178,2
1396,2
94,2
1677,2
2026,2
11058,2
2211,2
1198,2
1676,2
3113,2
9858,2
8567,1
1655,2
1473,2
9175,2
9494,2
105,2
2763,0
2192,0
1892,2
7277,2
968,2
1025,1
6503,1
852,2
400,0
7679,2
8573,1
954,2
2089,2
132,2
1034,2
472,2
2406,1
8743,2
3135,2
653,2
2430,2
10196,2
1010,2
7768,2
2027,2
2570,2
1087,2
9712,1
7255,2
7561,1
72,1
10485,1
10269,2
10012,2
1340,2
1736,1
1879,2
2674,1
408,2
7121,2
60,2
3167,0
8988,2
1518,2
8956,2
1415,0
1554,2
270,2
7405,2
2663,1
2494,2
333,2
10377,2
6902,2
9222,2
8484,2
9186,2
2037,2
2511,2
2166,2
30,2
2777,2
1970,2
1704,2
10163,2
79,2
6508,1
7867,1
1232,2
2173,2
11142,2
8620,2
9327,2
2701,2
2406,2
1855,0
1836,2
9238,0
1466,0
901,2
9023,2
1330,2
9960,2
155,1
8856,2
2153,2
11026,2
7319,2
9099,1
435,2
10480,2
6676,1
2650,2
2387,2
8511,2
7532,2
1521,1
8111,2
3058,2
2499,2
338,2
9264,2
1455,2
1172,2
2174,1
1546,1
2096,0
8025,2
2215,0
2637,1
2205,0
11014,2
2666,2
6944,2
8063,0
6890,2
2754,2
6990,1
8952,1
2017,2
1726,2
7936,2
7795,2
8187,1
8533,1
2186,2
1931,0
3046,2
2700,2
9741,2
626,2
1776,2
2545,2
2677,1
11194,2
2289,1
1708,2
2622,2
2044,2
7373,0
2623,0
915,1
8048,2
1042,0
1516,2
7093,2
69,2
1881,2
10382,2
9739,2
482,2
1139,2
9091,2
8067,1
106,2
2863,2
7691,2
9034,2
7670,2
1749,2
630,0
1195,0
10203,2
9359,2
8039,2
9288,2
10346,1
6896,2
394,2
8107,2
2059,1
2383,2
443,0
7219,2
9293,2
2599,2
282,2
431,1
2772,2
9597,2
7600,1
10425,2
101,1
2003,1
78,2
3201,2
2036,2
8463,2
1642,2
1593,2
593,2
2500,0
1036,0
2812,2
2140,2
7414,2
9810,2
1968,2
1682,1
3322,2
11323,2
11315,2
1899,2
1018,0
1767,2
1810,2
1176,2
1138,2
8569,2
1251,2
179,2
10951,0
10349,2
1048,2
1506,1
1846,2
1906,0
557,2
2458,0
3215,2
1067,2
701,1
781,2
2457,2
769,2
7502,1
1381,2
514,2
601,2
1465,0
7540,2
1393,2
3149,2
1712,1
8525,2
3119,2
10030,0
9606,2
2672,1
2074,2
10002,2
11255,2
3239,2
1630,2
1845,2
591,2
9729,0
8287,2
9461,2
2277,2
8369,2
1361,2
2149,2
7734,2
3017,2
379,2
8903,2
9465,2
9955,2
2127,1
626,2
2108,2
676,1
2033,2
10295,1
2215,0
1240,2
9210,1
686,2
7458,2
7503,2
1445,1
9106,0
1777,1
2641,2
9404,2
2398,1
10659,1
901,2
599,2
893,2
1654,2
7986,2
10025,2
1224,2
2727,2
8293,2
9843,2
1950,2
2478,2
910,0
10392,2
259,1
454,2
2747,2
695,0
734,2
436,2
10912,2
1021,2
932,2
2462,2
2746,2
1833,2
3094,1
1426,2
2972,2
1077,2
716,2
8774,2
11215,2
1312,2
1662,0
270,1
9699,0
10879,2
1549,2
2063,2
2659,2
2690,1
1837,2
682,2
552,2
1110,0
8105,2
857,2
556,2
248,2
48,2
8358,2
1265,2
1961,0
2735,0
2897,2
2299,2
7785,2
2239,2
1587,2
751,1
928,1
1465,2
872,2
925,2
9257,2
767,2
565,0
1632,2
10109,1
9974,2
1809,0
2289,1
8007,2
2450,2
681,2
2088,2
6482,1
2253,2
394,2
1364,2
6562,1
271,1
115,1
9939,2
8109,2
172,0
1062,2
10384,2
2481,2
10930,1
1079,0
962,2
2066,2
10534,2
906,1
10037,0
8959,2
479,2
11083,2
7416,1
10735,2
7639,0
1668,2
10679,0
975,2
1813,1
10205,2
437,2
9384,2
10682,2
10968,1
2165,2
10165,2
10871,2
7257,2
799,2
2537,2
2522,2
8141,1
2068,1
2577,1
11209,1
2185,2
9967,2
8200,0
2165,2
7164,2
8892,2
11247,2
561,2
10620,1
498,0
9370,1
2795,2
7459,1
11111,2
1284,2
1442,2
9032,2
1762,1
11149,1
9994,2
2276,2
7827,2
2518,2
1740,2
1772,2
8902,2
1225,1
10649,0
10397,2
1439,2
731,2
1655,2
2381,2
2597,1
1540,1
1412,2
2881,2
1893,2
761,2
1371,1
9663,1
9351,2
1574,2
10431,2
622,2
7766,2
333,2
10239,1
287,2
1832,2
1296,2
293,1
2083,2
1617,2
839,1
2337,2
1445,1
474,2
2558,2
815,1
45,2
134,2
8276,0
8729,2
944,2
2169,0
503,2
2727,2
932,2
1016,1
1753,2
571,0
1912,2
1454,2
1189,2
8077,2
7409,0
9366,2
940,2
8636,2
8081,1
24,2
3289,2
9598,2
2141,2
8917,1
8005,2
3197,2
1247,0
381,2
6911,1
8848,2
2217,0
1704,0
9382,2
2038,2
1974,0
9412,1
8177,0
243,2
497,2
403,2
947,1
1297,2
1616,2
803,2
7351,2
1272,2
10465,2
756,2
7605,1
721,2
1638,2
672,2
660,0
1271,2
10468,1
2070,2
2354,1
2761,2
7601,2
372,2
543,2
1863,2
1056,2
539,2
2523,1
7237,2
61,2
2138,0
2564,2
2458,2
842,1
2220,2
2577,2
286,2
6496,1
7523,2
683,2
601,0
2498,2
2545,1
2713,2
11236,2
7305,2
3293,2
2540,2
10936,1
1578,2
1514,2
10903,2
620,2
393,2
8265,2
1623,1
8069,0
735,2
11067,2
936,1
688,1
1911,1
7542,1
10060,2
59,0
9455,2
2219,2
10959,0
2144,2
994,1
2412,2
7814,1
8890,2
1481,2
7421,2
1002,0
2032,2
1407,0
651,2
321,0
7159,2
9983,2
2133,2
581,2
1013,2
2489,2
2691,1
2630,2
10342,2
10881,2
415,2
305,2
7155,1
2839,2
415,2
8301,1
6765,1
676,2
1060,2
1587,2
2754,2
1496,1
1413,2
1134,2
257,2
10667,1
10031,2
2771,2
539,1
2184,2
2164,1
10209,1
1310,2
908,2
1829,2
553,2
165,1
1872,2
8047,2
8214,0
11266,2
10114,1
1497,2
1958,2
740,2
2996,2
741,2
1416,2
52,2
1922,0
1564,2
272,1
319,2
87,2
1062,2
7782,2
1350,2
6861,2
2070,2
6665,1
202,2
2251,2
2001,2
1193,2
8225,2
2067,2
3315,2
971,2
2196,1
1846,2
2529,2
2519,2
2674,2
2202,2
2266,1
10591,2
2324,2
7070,2
337,2
2524,2
1801,1
266,2
1357,1
2967,2
2007,2
9251,2
7589,0
1503,2
445,2
421,2
2521,0
1290,2
2506,2
2003,1
1343,2
280,1
7377,2
186,1
1843,0
51,1
7524,2
2344,1
1098,0
2946,2
9594,1
122,2
9426,2
797,2
2744,2
10364,2
2183,2
11214,1
1669,2
167,2
1190,2
153,2
692,1
1883,2
2710,2
709,2
1331,2
53,2
627,0
10173,2
78,2
1515,2
1156,2
894,2
246,2
7948,2
8291,0
2024,0
9811,1
2778,2
1290,2
10552,2
868,0
1674,2
545,2
265,2
1763,1
535,1
438,1
1952,2
1446,1
8268,2
1057,1
1432,1
2355,2
8552,2
8060,2
2933,2
9070,2
2755,0
1000,1
1045,2
116,2
9823,1
32,1
10005,1
1301,0
7378,2
2376,2
11056,1
8458,2
3004,1
1984,2
7788,2
2116,2
2822,2
1913,2
1975,2
1064,2
8771,1
9942,2
1006,2
763,1
9734,2
1930,2
3471,0
8696,1
2990,0
674,2
2024,2
1999,2
2174,2
9472,2
9265,1
188,2
8,2
11326,2
7315,2
9987,0
9571,2
7546,2
577,2
325,2
21,0
580,2
1034,0
2828,0
84,2
7496,2
2746,0
991,2
8336,2
9800,2
9607,2
549,2
85,2
575,2
1938,1
10933,2
2248,2
569,2
1816,2
2343,2
9090,2
648,1
631,1
2186,2
524,2
7755,2
897,2
1427,0
1186,0
1803,2
957,2
9631,0
10022,2
10492,2
1774,2
3002,1
931,2
1302,2
9300,2
8824,1
9521,2
2539,2
1028,2
1058,2
